2026-04-02 21:09:04,919 INFO  Logger.cs: 70 - 
--------------------------------------------------------------------------------
2026-04-02 21:09:04,965 INFO  Logger.cs: 71 - Logging commencing for SW2URDF exporter
2026-04-02 21:09:04,967 INFO  Logger.cs: 73 - Commit version 1.6.0-4-g7f85cfe
2026-04-02 21:09:04,968 INFO  Logger.cs: 74 - Build version 1.6.7995.38578
2026-04-02 21:09:04,970 INFO  SwAddin.cs: 192 - Attempting to connect to SW
2026-04-02 21:09:04,972 INFO  SwAddin.cs: 197 - Setting up callbacks
2026-04-02 21:09:04,972 INFO  SwAddin.cs: 201 - Setting up command manager
2026-04-02 21:09:04,973 INFO  SwAddin.cs: 204 - Adding command manager
2026-04-02 21:09:04,977 INFO  SwAddin.cs: 263 - Adding Assembly export to file menu
2026-04-02 21:09:04,979 INFO  SwAddin.cs: 272 - Adding Part export to file menu
2026-04-02 21:09:04,980 INFO  SwAddin.cs: 210 - Adding event handlers
2026-04-02 21:09:05,038 INFO  SwAddin.cs: 217 - Connecting plugin to SolidWorks
2026-04-02 21:42:06,602 INFO  SwAddin.cs: 294 - Assembly export called for file ¼ç¹Ø½Ú_v0.1.4.SLDASM
2026-04-02 21:42:08,260 INFO  SwAddin.cs: 313 - Saving assembly
2026-04-02 21:42:10,308 INFO  SwAddin.cs: 316 - Opening property manager
2026-04-02 21:42:10,329 INFO  ExportHelperExtension.cs: 1125 - Retrieving features of type [CoordSys] from ¼ç¹Ø½Ú_v0.1.4.SLDASM
2026-04-02 21:42:10,340 INFO  ExportHelperExtension.cs: 1136 - Found 278 in ¼ç¹Ø½Ú_v0.1.4.SLDASM
2026-04-02 21:42:10,342 INFO  ExportHelperExtension.cs: 1145 - Found 7 features of type [CoordSys] in ¼ç¹Ø½Ú_v0.1.4.SLDASM
2026-04-02 21:42:10,342 INFO  ExportHelperExtension.cs: 1148 - Proceeding through assembly components
2026-04-02 21:42:10,344 INFO  ExportHelperExtension.cs: 1160 - 118 components to check
2026-04-02 21:42:10,346 INFO  ExportHelperExtension.cs: 1125 - Retrieving features of type [CoordSys] from 7008(40-68-15)-2
2026-04-02 21:42:10,346 INFO  ExportHelperExtension.cs: 1136 - Found 5 in 7008(40-68-15)-2
2026-04-02 21:42:10,347 INFO  ExportHelperExtension.cs: 1145 - Found 0 features of type [CoordSys] in 7008(40-68-15)-2
2026-04-02 21:42:10,347 INFO  ExportHelperExtension.cs: 1125 - Retrieving features of type [CoordSys] from 7008(40-68-15)-1
2026-04-02 21:42:10,348 INFO  ExportHelperExtension.cs: 1136 - Found 5 in 7008(40-68-15)-1
2026-04-02 21:42:10,348 INFO  ExportHelperExtension.cs: 1145 - Found 0 features of type [CoordSys] in 7008(40-68-15)-1
2026-04-02 21:42:10,349 INFO  ExportHelperExtension.cs: 1125 - Retrieving features of type [CoordSys] from ¿¨¿Û01_v0.1.4-2
2026-04-02 21:42:10,350 INFO  ExportHelperExtension.cs: 1136 - Found 55 in ¿¨¿Û01_v0.1.4-2
2026-04-02 21:42:10,350 INFO  ExportHelperExtension.cs: 1145 - Found 0 features of type [CoordSys] in ¿¨¿Û01_v0.1.4-2
2026-04-02 21:42:10,351 INFO  ExportHelperExtension.cs: 1125 - Retrieving features of type [CoordSys] from Öá01_v0.1.4-1
2026-04-02 21:42:10,352 INFO  ExportHelperExtension.cs: 1136 - Found 37 in Öá01_v0.1.4-1
2026-04-02 21:42:10,352 INFO  ExportHelperExtension.cs: 1145 - Found 0 features of type [CoordSys] in Öá01_v0.1.4-1
2026-04-02 21:42:10,352 INFO  ExportHelperExtension.cs: 1125 - Retrieving features of type [CoordSys] from µç»úÖá01_v0.1.4-1
2026-04-02 21:42:10,353 INFO  ExportHelperExtension.cs: 1136 - Found 39 in µç»úÖá01_v0.1.4-1
2026-04-02 21:42:10,354 INFO  ExportHelperExtension.cs: 1145 - Found 0 features of type [CoordSys] in µç»úÖá01_v0.1.4-1
2026-04-02 21:42:10,354 INFO  ExportHelperExtension.cs: 1125 - Retrieving features of type [CoordSys] from µç»úÖá01_v0.1.4-2
2026-04-02 21:42:10,355 INFO  ExportHelperExtension.cs: 1136 - Found 39 in µç»úÖá01_v0.1.4-2
2026-04-02 21:42:10,355 INFO  ExportHelperExtension.cs: 1145 - Found 0 features of type [CoordSys] in µç»úÖá01_v0.1.4-2
2026-04-02 21:42:10,355 INFO  ExportHelperExtension.cs: 1125 - Retrieving features of type [CoordSys] from µ¼ÏòÂÖÖá_01_v0.1.4-1
2026-04-02 21:42:10,357 INFO  ExportHelperExtension.cs: 1136 - Found 27 in µ¼ÏòÂÖÖá_01_v0.1.4-1
2026-04-02 21:42:10,358 INFO  ExportHelperExtension.cs: 1145 - Found 0 features of type [CoordSys] in µ¼ÏòÂÖÖá_01_v0.1.4-1
2026-04-02 21:42:10,358 INFO  ExportHelperExtension.cs: 1125 - Retrieving features of type [CoordSys] from ÈÆÏßÂÖ0_v0.1.4-1
2026-04-02 21:42:10,359 INFO  ExportHelperExtension.cs: 1136 - Found 63 in ÈÆÏßÂÖ0_v0.1.4-1
2026-04-02 21:42:10,359 INFO  ExportHelperExtension.cs: 1145 - Found 0 features of type [CoordSys] in ÈÆÏßÂÖ0_v0.1.4-1
2026-04-02 21:42:10,359 INFO  ExportHelperExtension.cs: 1125 - Retrieving features of type [CoordSys] from GB£¯T276-94Éî¹µÇòÖá³Ð619£¯4-2
2026-04-02 21:42:10,360 INFO  ExportHelperExtension.cs: 1136 - Found 39 in GB£¯T276-94Éî¹µÇòÖá³Ð619£¯4-2
2026-04-02 21:42:10,360 INFO  ExportHelperExtension.cs: 1145 - Found 0 features of type [CoordSys] in GB£¯T276-94Éî¹µÇòÖá³Ð619£¯4-2
2026-04-02 21:42:10,361 INFO  ExportHelperExtension.cs: 1125 - Retrieving features of type [CoordSys] from µç»ú¼Ü01_v0.1.4-1
2026-04-02 21:42:10,361 INFO  ExportHelperExtension.cs: 1136 - Found 41 in µç»ú¼Ü01_v0.1.4-1
2026-04-02 21:42:10,362 INFO  ExportHelperExtension.cs: 1145 - Found 0 features of type [CoordSys] in µç»ú¼Ü01_v0.1.4-1
2026-04-02 21:42:10,362 INFO  ExportHelperExtension.cs: 1125 - Retrieving features of type [CoordSys] from ÈÆÏßÂÖ0_v0.1.4-2
2026-04-02 21:42:10,363 INFO  ExportHelperExtension.cs: 1136 - Found 63 in ÈÆÏßÂÖ0_v0.1.4-2
2026-04-02 21:42:10,365 INFO  ExportHelperExtension.cs: 1145 - Found 0 features of type [CoordSys] in ÈÆÏßÂÖ0_v0.1.4-2
2026-04-02 21:42:10,365 INFO  ExportHelperExtension.cs: 1125 - Retrieving features of type [CoordSys] from µç»úÖ§¼Ü_v0.1.4-1
2026-04-02 21:42:10,366 INFO  ExportHelperExtension.cs: 1136 - Found 61 in µç»úÖ§¼Ü_v0.1.4-1
2026-04-02 21:42:10,367 INFO  ExportHelperExtension.cs: 1145 - Found 0 features of type [CoordSys] in µç»úÖ§¼Ü_v0.1.4-1
2026-04-02 21:42:10,367 INFO  ExportHelperExtension.cs: 1125 - Retrieving features of type [CoordSys] from 6702-ZZ(15-21-4)-1
2026-04-02 21:42:10,368 INFO  ExportHelperExtension.cs: 1136 - Found 34 in 6702-ZZ(15-21-4)-1
2026-04-02 21:42:10,368 INFO  ExportHelperExtension.cs: 1145 - Found 0 features of type [CoordSys] in 6702-ZZ(15-21-4)-1
2026-04-02 21:42:10,369 INFO  ExportHelperExtension.cs: 1125 - Retrieving features of type [CoordSys] from 6702-ZZ(15-21-4)-2
2026-04-02 21:42:10,369 INFO  ExportHelperExtension.cs: 1136 - Found 34 in 6702-ZZ(15-21-4)-2
2026-04-02 21:42:10,370 INFO  ExportHelperExtension.cs: 1145 - Found 0 features of type [CoordSys] in 6702-ZZ(15-21-4)-2
2026-04-02 21:42:10,371 INFO  ExportHelperExtension.cs: 1125 - Retrieving features of type [CoordSys] from ¿¨¿Û01_v0.1.4-1
2026-04-02 21:42:10,371 INFO  ExportHelperExtension.cs: 1136 - Found 55 in ¿¨¿Û01_v0.1.4-1
2026-04-02 21:42:10,373 INFO  ExportHelperExtension.cs: 1145 - Found 0 features of type [CoordSys] in ¿¨¿Û01_v0.1.4-1
2026-04-02 21:42:10,373 INFO  ExportHelperExtension.cs: 1125 - Retrieving features of type [CoordSys] from ±Û01_v0.1.4-1
2026-04-02 21:42:10,374 INFO  ExportHelperExtension.cs: 1136 - Found 174 in ±Û01_v0.1.4-1
2026-04-02 21:42:10,375 INFO  ExportHelperExtension.cs: 1145 - Found 0 features of type [CoordSys] in ±Û01_v0.1.4-1
2026-04-02 21:42:10,376 INFO  ExportHelperExtension.cs: 1125 - Retrieving features of type [CoordSys] from µ¼ÏòÂÖ_01_v0.1.4-1
2026-04-02 21:42:10,376 INFO  ExportHelperExtension.cs: 1136 - Found 27 in µ¼ÏòÂÖ_01_v0.1.4-1
2026-04-02 21:42:10,377 INFO  ExportHelperExtension.cs: 1145 - Found 0 features of type [CoordSys] in µ¼ÏòÂÖ_01_v0.1.4-1
2026-04-02 21:42:10,377 INFO  ExportHelperExtension.cs: 1125 - Retrieving features of type [CoordSys] from GB£¯T276-94Éî¹µÇòÖá³Ð619£¯4-1
2026-04-02 21:42:10,377 INFO  ExportHelperExtension.cs: 1136 - Found 39 in GB£¯T276-94Éî¹µÇòÖá³Ð619£¯4-1
2026-04-02 21:42:10,378 INFO  ExportHelperExtension.cs: 1145 - Found 0 features of type [CoordSys] in GB£¯T276-94Éî¹µÇòÖá³Ð619£¯4-1
2026-04-02 21:42:10,378 INFO  ExportHelperExtension.cs: 1125 - Retrieving features of type [CoordSys] from µ¼ÏòÂÖ_01_v0.1.4-2
2026-04-02 21:42:10,379 INFO  ExportHelperExtension.cs: 1136 - Found 27 in µ¼ÏòÂÖ_01_v0.1.4-2
2026-04-02 21:42:10,380 INFO  ExportHelperExtension.cs: 1145 - Found 0 features of type [CoordSys] in µ¼ÏòÂÖ_01_v0.1.4-2
2026-04-02 21:42:10,380 INFO  ExportHelperExtension.cs: 1125 - Retrieving features of type [CoordSys] from µç»ú¹Ì¶¨Á¬½Ó¼þ_01_v0.1.4-2
2026-04-02 21:42:10,380 INFO  ExportHelperExtension.cs: 1136 - Found 46 in µç»ú¹Ì¶¨Á¬½Ó¼þ_01_v0.1.4-2
2026-04-02 21:42:10,382 INFO  ExportHelperExtension.cs: 1145 - Found 0 features of type [CoordSys] in µç»ú¹Ì¶¨Á¬½Ó¼þ_01_v0.1.4-2
2026-04-02 21:42:10,382 INFO  ExportHelperExtension.cs: 1125 - Retrieving features of type [CoordSys] from JH14-101¹Ø½ÚÄ£×é_Íâ·¢-3
2026-04-02 21:42:10,383 INFO  ExportHelperExtension.cs: 1136 - Found 36 in JH14-101¹Ø½ÚÄ£×é_Íâ·¢-3
2026-04-02 21:42:10,384 INFO  ExportHelperExtension.cs: 1145 - Found 0 features of type [CoordSys] in JH14-101¹Ø½ÚÄ£×é_Íâ·¢-3
2026-04-02 21:42:10,384 INFO  ExportHelperExtension.cs: 1125 - Retrieving features of type [CoordSys] from µç»ú´«¶¯Á¬½Ó¼þ_01_v0.1.4-1
2026-04-02 21:42:10,385 INFO  ExportHelperExtension.cs: 1136 - Found 31 in µç»ú´«¶¯Á¬½Ó¼þ_01_v0.1.4-1
2026-04-02 21:42:10,386 INFO  ExportHelperExtension.cs: 1145 - Found 0 features of type [CoordSys] in µç»ú´«¶¯Á¬½Ó¼þ_01_v0.1.4-1
2026-04-02 21:42:10,386 INFO  ExportHelperExtension.cs: 1125 - Retrieving features of type [CoordSys] from µ¼ÏòÖáÌ×_01_v0.1.4-1
2026-04-02 21:42:10,387 INFO  ExportHelperExtension.cs: 1136 - Found 27 in µ¼ÏòÖáÌ×_01_v0.1.4-1
2026-04-02 21:42:10,388 INFO  ExportHelperExtension.cs: 1145 - Found 0 features of type [CoordSys] in µ¼ÏòÖáÌ×_01_v0.1.4-1
2026-04-02 21:42:10,388 INFO  ExportHelperExtension.cs: 1125 - Retrieving features of type [CoordSys] from µ¼ÏòÖáÌ×_01_v0.1.4-2
2026-04-02 21:42:10,389 INFO  ExportHelperExtension.cs: 1136 - Found 27 in µ¼ÏòÖáÌ×_01_v0.1.4-2
2026-04-02 21:42:10,389 INFO  ExportHelperExtension.cs: 1145 - Found 0 features of type [CoordSys] in µ¼ÏòÖáÌ×_01_v0.1.4-2
2026-04-02 21:42:10,390 INFO  ExportHelperExtension.cs: 1125 - Retrieving features of type [CoordSys] from 6816-ZZ(80-100-10)-1
2026-04-02 21:42:10,391 INFO  ExportHelperExtension.cs: 1136 - Found 5 in 6816-ZZ(80-100-10)-1
2026-04-02 21:42:10,391 INFO  ExportHelperExtension.cs: 1145 - Found 0 features of type [CoordSys] in 6816-ZZ(80-100-10)-1
2026-04-02 21:42:10,392 INFO  ExportHelperExtension.cs: 1125 - Retrieving features of type [CoordSys] from 6816-ZZ(80-100-10)-2
2026-04-02 21:42:10,393 INFO  ExportHelperExtension.cs: 1136 - Found 5 in 6816-ZZ(80-100-10)-2
2026-04-02 21:42:10,394 INFO  ExportHelperExtension.cs: 1145 - Found 0 features of type [CoordSys] in 6816-ZZ(80-100-10)-2
2026-04-02 21:42:10,394 INFO  ExportHelperExtension.cs: 1125 - Retrieving features of type [CoordSys] from JH17-101¹Ø½ÚÄ£×é_Íâ·¢-1
2026-04-02 21:42:10,395 INFO  ExportHelperExtension.cs: 1136 - Found 36 in JH17-101¹Ø½ÚÄ£×é_Íâ·¢-1
2026-04-02 21:42:10,396 INFO  ExportHelperExtension.cs: 1145 - Found 0 features of type [CoordSys] in JH17-101¹Ø½ÚÄ£×é_Íâ·¢-1
2026-04-02 21:42:10,397 INFO  ExportHelperExtension.cs: 1125 - Retrieving features of type [CoordSys] from JH17-101¹Ø½ÚÄ£×é_Íâ·¢-2
2026-04-02 21:42:10,397 INFO  ExportHelperExtension.cs: 1136 - Found 36 in JH17-101¹Ø½ÚÄ£×é_Íâ·¢-2
2026-04-02 21:42:10,398 INFO  ExportHelperExtension.cs: 1145 - Found 0 features of type [CoordSys] in JH17-101¹Ø½ÚÄ£×é_Íâ·¢-2
2026-04-02 21:42:10,398 INFO  ExportHelperExtension.cs: 1125 - Retrieving features of type [RefAxis] from ¼ç¹Ø½Ú_v0.1.4.SLDASM
2026-04-02 21:42:10,399 INFO  ExportHelperExtension.cs: 1136 - Found 278 in ¼ç¹Ø½Ú_v0.1.4.SLDASM
2026-04-02 21:42:10,400 INFO  ExportHelperExtension.cs: 1145 - Found 6 features of type [RefAxis] in ¼ç¹Ø½Ú_v0.1.4.SLDASM
2026-04-02 21:42:10,401 INFO  ExportHelperExtension.cs: 1148 - Proceeding through assembly components
2026-04-02 21:42:10,402 INFO  ExportHelperExtension.cs: 1160 - 118 components to check
2026-04-02 21:42:10,402 INFO  ExportHelperExtension.cs: 1125 - Retrieving features of type [RefAxis] from 7008(40-68-15)-2
2026-04-02 21:42:10,403 INFO  ExportHelperExtension.cs: 1136 - Found 5 in 7008(40-68-15)-2
2026-04-02 21:42:10,403 INFO  ExportHelperExtension.cs: 1145 - Found 0 features of type [RefAxis] in 7008(40-68-15)-2
2026-04-02 21:42:10,404 INFO  ExportHelperExtension.cs: 1125 - Retrieving features of type [RefAxis] from 7008(40-68-15)-1
2026-04-02 21:42:10,404 INFO  ExportHelperExtension.cs: 1136 - Found 5 in 7008(40-68-15)-1
2026-04-02 21:42:10,405 INFO  ExportHelperExtension.cs: 1145 - Found 0 features of type [RefAxis] in 7008(40-68-15)-1
2026-04-02 21:42:10,406 INFO  ExportHelperExtension.cs: 1125 - Retrieving features of type [RefAxis] from ¿¨¿Û01_v0.1.4-2
2026-04-02 21:42:10,406 INFO  ExportHelperExtension.cs: 1136 - Found 55 in ¿¨¿Û01_v0.1.4-2
2026-04-02 21:42:10,407 INFO  ExportHelperExtension.cs: 1145 - Found 0 features of type [RefAxis] in ¿¨¿Û01_v0.1.4-2
2026-04-02 21:42:10,408 INFO  ExportHelperExtension.cs: 1125 - Retrieving features of type [RefAxis] from Öá01_v0.1.4-1
2026-04-02 21:42:10,408 INFO  ExportHelperExtension.cs: 1136 - Found 37 in Öá01_v0.1.4-1
2026-04-02 21:42:10,410 INFO  ExportHelperExtension.cs: 1145 - Found 0 features of type [RefAxis] in Öá01_v0.1.4-1
2026-04-02 21:42:10,410 INFO  ExportHelperExtension.cs: 1125 - Retrieving features of type [RefAxis] from µç»úÖá01_v0.1.4-1
2026-04-02 21:42:10,411 INFO  ExportHelperExtension.cs: 1136 - Found 39 in µç»úÖá01_v0.1.4-1
2026-04-02 21:42:10,411 INFO  ExportHelperExtension.cs: 1145 - Found 0 features of type [RefAxis] in µç»úÖá01_v0.1.4-1
2026-04-02 21:42:10,412 INFO  ExportHelperExtension.cs: 1125 - Retrieving features of type [RefAxis] from µç»úÖá01_v0.1.4-2
2026-04-02 21:42:10,412 INFO  ExportHelperExtension.cs: 1136 - Found 39 in µç»úÖá01_v0.1.4-2
2026-04-02 21:42:10,413 INFO  ExportHelperExtension.cs: 1145 - Found 0 features of type [RefAxis] in µç»úÖá01_v0.1.4-2
2026-04-02 21:42:10,413 INFO  ExportHelperExtension.cs: 1125 - Retrieving features of type [RefAxis] from µ¼ÏòÂÖÖá_01_v0.1.4-1
2026-04-02 21:42:10,414 INFO  ExportHelperExtension.cs: 1136 - Found 27 in µ¼ÏòÂÖÖá_01_v0.1.4-1
2026-04-02 21:42:10,414 INFO  ExportHelperExtension.cs: 1145 - Found 0 features of type [RefAxis] in µ¼ÏòÂÖÖá_01_v0.1.4-1
2026-04-02 21:42:10,415 INFO  ExportHelperExtension.cs: 1125 - Retrieving features of type [RefAxis] from ÈÆÏßÂÖ0_v0.1.4-1
2026-04-02 21:42:10,415 INFO  ExportHelperExtension.cs: 1136 - Found 63 in ÈÆÏßÂÖ0_v0.1.4-1
2026-04-02 21:42:10,416 INFO  ExportHelperExtension.cs: 1145 - Found 0 features of type [RefAxis] in ÈÆÏßÂÖ0_v0.1.4-1
2026-04-02 21:42:10,416 INFO  ExportHelperExtension.cs: 1125 - Retrieving features of type [RefAxis] from GB£¯T276-94Éî¹µÇòÖá³Ð619£¯4-2
2026-04-02 21:42:10,417 INFO  ExportHelperExtension.cs: 1136 - Found 39 in GB£¯T276-94Éî¹µÇòÖá³Ð619£¯4-2
2026-04-02 21:42:10,417 INFO  ExportHelperExtension.cs: 1145 - Found 0 features of type [RefAxis] in GB£¯T276-94Éî¹µÇòÖá³Ð619£¯4-2
2026-04-02 21:42:10,418 INFO  ExportHelperExtension.cs: 1125 - Retrieving features of type [RefAxis] from µç»ú¼Ü01_v0.1.4-1
2026-04-02 21:42:10,418 INFO  ExportHelperExtension.cs: 1136 - Found 41 in µç»ú¼Ü01_v0.1.4-1
2026-04-02 21:42:10,419 INFO  ExportHelperExtension.cs: 1145 - Found 0 features of type [RefAxis] in µç»ú¼Ü01_v0.1.4-1
2026-04-02 21:42:10,419 INFO  ExportHelperExtension.cs: 1125 - Retrieving features of type [RefAxis] from ÈÆÏßÂÖ0_v0.1.4-2
2026-04-02 21:42:10,420 INFO  ExportHelperExtension.cs: 1136 - Found 63 in ÈÆÏßÂÖ0_v0.1.4-2
2026-04-02 21:42:10,421 INFO  ExportHelperExtension.cs: 1145 - Found 0 features of type [RefAxis] in ÈÆÏßÂÖ0_v0.1.4-2
2026-04-02 21:42:10,421 INFO  ExportHelperExtension.cs: 1125 - Retrieving features of type [RefAxis] from µç»úÖ§¼Ü_v0.1.4-1
2026-04-02 21:42:10,422 INFO  ExportHelperExtension.cs: 1136 - Found 61 in µç»úÖ§¼Ü_v0.1.4-1
2026-04-02 21:42:10,423 INFO  ExportHelperExtension.cs: 1145 - Found 0 features of type [RefAxis] in µç»úÖ§¼Ü_v0.1.4-1
2026-04-02 21:42:10,423 INFO  ExportHelperExtension.cs: 1125 - Retrieving features of type [RefAxis] from 6702-ZZ(15-21-4)-1
2026-04-02 21:42:10,424 INFO  ExportHelperExtension.cs: 1136 - Found 34 in 6702-ZZ(15-21-4)-1
2026-04-02 21:42:10,425 INFO  ExportHelperExtension.cs: 1145 - Found 0 features of type [RefAxis] in 6702-ZZ(15-21-4)-1
2026-04-02 21:42:10,426 INFO  ExportHelperExtension.cs: 1125 - Retrieving features of type [RefAxis] from 6702-ZZ(15-21-4)-2
2026-04-02 21:42:10,426 INFO  ExportHelperExtension.cs: 1136 - Found 34 in 6702-ZZ(15-21-4)-2
2026-04-02 21:42:10,427 INFO  ExportHelperExtension.cs: 1145 - Found 0 features of type [RefAxis] in 6702-ZZ(15-21-4)-2
2026-04-02 21:42:10,427 INFO  ExportHelperExtension.cs: 1125 - Retrieving features of type [RefAxis] from ¿¨¿Û01_v0.1.4-1
2026-04-02 21:42:10,428 INFO  ExportHelperExtension.cs: 1136 - Found 55 in ¿¨¿Û01_v0.1.4-1
2026-04-02 21:42:10,428 INFO  ExportHelperExtension.cs: 1145 - Found 0 features of type [RefAxis] in ¿¨¿Û01_v0.1.4-1
2026-04-02 21:42:10,429 INFO  ExportHelperExtension.cs: 1125 - Retrieving features of type [RefAxis] from ±Û01_v0.1.4-1
2026-04-02 21:42:10,429 INFO  ExportHelperExtension.cs: 1136 - Found 174 in ±Û01_v0.1.4-1
2026-04-02 21:42:10,430 INFO  ExportHelperExtension.cs: 1145 - Found 0 features of type [RefAxis] in ±Û01_v0.1.4-1
2026-04-02 21:42:10,431 INFO  ExportHelperExtension.cs: 1125 - Retrieving features of type [RefAxis] from µ¼ÏòÂÖ_01_v0.1.4-1
2026-04-02 21:42:10,431 INFO  ExportHelperExtension.cs: 1136 - Found 27 in µ¼ÏòÂÖ_01_v0.1.4-1
2026-04-02 21:42:10,432 INFO  ExportHelperExtension.cs: 1145 - Found 0 features of type [RefAxis] in µ¼ÏòÂÖ_01_v0.1.4-1
2026-04-02 21:42:10,432 INFO  ExportHelperExtension.cs: 1125 - Retrieving features of type [RefAxis] from GB£¯T276-94Éî¹µÇòÖá³Ð619£¯4-1
2026-04-02 21:42:10,576 INFO  ExportHelperExtension.cs: 1136 - Found 39 in GB£¯T276-94Éî¹µÇòÖá³Ð619£¯4-1
2026-04-02 21:42:10,577 INFO  ExportHelperExtension.cs: 1145 - Found 0 features of type [RefAxis] in GB£¯T276-94Éî¹µÇòÖá³Ð619£¯4-1
2026-04-02 21:42:10,578 INFO  ExportHelperExtension.cs: 1125 - Retrieving features of type [RefAxis] from µ¼ÏòÂÖ_01_v0.1.4-2
2026-04-02 21:42:10,579 INFO  ExportHelperExtension.cs: 1136 - Found 27 in µ¼ÏòÂÖ_01_v0.1.4-2
2026-04-02 21:42:10,579 INFO  ExportHelperExtension.cs: 1145 - Found 0 features of type [RefAxis] in µ¼ÏòÂÖ_01_v0.1.4-2
2026-04-02 21:42:10,580 INFO  ExportHelperExtension.cs: 1125 - Retrieving features of type [RefAxis] from µç»ú¹Ì¶¨Á¬½Ó¼þ_01_v0.1.4-2
2026-04-02 21:42:10,580 INFO  ExportHelperExtension.cs: 1136 - Found 46 in µç»ú¹Ì¶¨Á¬½Ó¼þ_01_v0.1.4-2
2026-04-02 21:42:10,581 INFO  ExportHelperExtension.cs: 1145 - Found 0 features of type [RefAxis] in µç»ú¹Ì¶¨Á¬½Ó¼þ_01_v0.1.4-2
2026-04-02 21:42:10,581 INFO  ExportHelperExtension.cs: 1125 - Retrieving features of type [RefAxis] from JH14-101¹Ø½ÚÄ£×é_Íâ·¢-3
2026-04-02 21:42:10,582 INFO  ExportHelperExtension.cs: 1136 - Found 36 in JH14-101¹Ø½ÚÄ£×é_Íâ·¢-3
2026-04-02 21:42:10,582 INFO  ExportHelperExtension.cs: 1145 - Found 0 features of type [RefAxis] in JH14-101¹Ø½ÚÄ£×é_Íâ·¢-3
2026-04-02 21:42:10,583 INFO  ExportHelperExtension.cs: 1125 - Retrieving features of type [RefAxis] from µç»ú´«¶¯Á¬½Ó¼þ_01_v0.1.4-1
2026-04-02 21:42:10,583 INFO  ExportHelperExtension.cs: 1136 - Found 31 in µç»ú´«¶¯Á¬½Ó¼þ_01_v0.1.4-1
2026-04-02 21:42:10,584 INFO  ExportHelperExtension.cs: 1145 - Found 0 features of type [RefAxis] in µç»ú´«¶¯Á¬½Ó¼þ_01_v0.1.4-1
2026-04-02 21:42:10,584 INFO  ExportHelperExtension.cs: 1125 - Retrieving features of type [RefAxis] from µ¼ÏòÖáÌ×_01_v0.1.4-1
2026-04-02 21:42:10,586 INFO  ExportHelperExtension.cs: 1136 - Found 27 in µ¼ÏòÖáÌ×_01_v0.1.4-1
2026-04-02 21:42:10,586 INFO  ExportHelperExtension.cs: 1145 - Found 0 features of type [RefAxis] in µ¼ÏòÖáÌ×_01_v0.1.4-1
2026-04-02 21:42:10,587 INFO  ExportHelperExtension.cs: 1125 - Retrieving features of type [RefAxis] from µ¼ÏòÖáÌ×_01_v0.1.4-2
2026-04-02 21:42:10,587 INFO  ExportHelperExtension.cs: 1136 - Found 27 in µ¼ÏòÖáÌ×_01_v0.1.4-2
2026-04-02 21:42:10,588 INFO  ExportHelperExtension.cs: 1145 - Found 0 features of type [RefAxis] in µ¼ÏòÖáÌ×_01_v0.1.4-2
2026-04-02 21:42:10,588 INFO  ExportHelperExtension.cs: 1125 - Retrieving features of type [RefAxis] from 6816-ZZ(80-100-10)-1
2026-04-02 21:42:10,589 INFO  ExportHelperExtension.cs: 1136 - Found 5 in 6816-ZZ(80-100-10)-1
2026-04-02 21:42:10,589 INFO  ExportHelperExtension.cs: 1145 - Found 0 features of type [RefAxis] in 6816-ZZ(80-100-10)-1
2026-04-02 21:42:10,590 INFO  ExportHelperExtension.cs: 1125 - Retrieving features of type [RefAxis] from 6816-ZZ(80-100-10)-2
2026-04-02 21:42:10,590 INFO  ExportHelperExtension.cs: 1136 - Found 5 in 6816-ZZ(80-100-10)-2
2026-04-02 21:42:10,590 INFO  ExportHelperExtension.cs: 1145 - Found 0 features of type [RefAxis] in 6816-ZZ(80-100-10)-2
2026-04-02 21:42:10,591 INFO  ExportHelperExtension.cs: 1125 - Retrieving features of type [RefAxis] from JH17-101¹Ø½ÚÄ£×é_Íâ·¢-1
2026-04-02 21:42:10,591 INFO  ExportHelperExtension.cs: 1136 - Found 36 in JH17-101¹Ø½ÚÄ£×é_Íâ·¢-1
2026-04-02 21:42:10,592 INFO  ExportHelperExtension.cs: 1145 - Found 0 features of type [RefAxis] in JH17-101¹Ø½ÚÄ£×é_Íâ·¢-1
2026-04-02 21:42:10,592 INFO  ExportHelperExtension.cs: 1125 - Retrieving features of type [RefAxis] from JH17-101¹Ø½ÚÄ£×é_Íâ·¢-2
2026-04-02 21:42:10,593 INFO  ExportHelperExtension.cs: 1136 - Found 36 in JH17-101¹Ø½ÚÄ£×é_Íâ·¢-2
2026-04-02 21:42:10,593 INFO  ExportHelperExtension.cs: 1145 - Found 0 features of type [RefAxis] in JH17-101¹Ø½ÚÄ£×é_Íâ·¢-2
2026-04-02 21:42:11,476 INFO  SwAddin.cs: 339 - Loading config tree
2026-04-02 21:42:11,484 INFO  ConfigurationSerialization.cs: 276 - URDF Configuration found
<Link z:Id="i1" xmlns="http://schemas.datacontract.org/2004/07/SW2URDF" xmlns:i="http://www.w3.org/2001/XMLSchema-instance" xmlns:z="http://schemas.microsoft.com/2003/10/Serialization/"><Attributes><Attribute z:Id="i2"><AttributeType>name</AttributeType><IsRequired>true</IsRequired><Value i:type="a:string" xmlns:a="http://www.w3.org/2001/XMLSchema">base</Value></Attribute></Attributes><ChildElements><URDFElement z:Id="i3" i:type="Inertial"><Attributes/><ChildElements><URDFElement z:Id="i4" i:type="Origin"><Attributes><Attribute z:Id="i5"><AttributeType>xyz</AttributeType><IsRequired>true</IsRequired><Value i:type="a:ArrayOfdouble" xmlns:a="http://schemas.microsoft.com/2003/10/Serialization/Arrays"><a:double>0.013221637830112409</a:double><a:double>-0.000996198393258107</a:double><a:double>-6.3000813811339471E-05</a:double></Value></Attribute><Attribute z:Id="i6"><AttributeType>rpy</AttributeType><IsRequired>true</IsRequired><Value i:type="a:ArrayOfdouble" xmlns:a="http://schemas.microsoft.com/2003/10/Serialization/Arrays"><a:double>0</a:double><a:double>0</a:double><a:double>0</a:double></Value></Attribute></Attributes><ChildElements/><ElementName>origin</ElementName><required>false</required><RPYAttribute z:Ref="i6"/><XYZAttribute z:Ref="i5"/><isCustomized>false</isCustomized></URDFElement><URDFElement z:Id="i7" i:type="Mass"><Attributes><Attribute z:Id="i8"><AttributeType>value</AttributeType><IsRequired>true</IsRequired><Value i:type="a:double" xmlns:a="http://www.w3.org/2001/XMLSchema">0.53128192095505489</Value></Attribute></Attributes><ChildElements/><ElementName>mass</ElementName><required>false</required><ValueAttribute z:Ref="i8"/></URDFElement><URDFElement z:Id="i9" i:type="Inertia"><Attributes><Attribute z:Id="i10"><AttributeType>ixx</AttributeType><IsRequired>true</IsRequired><Value i:type="a:double" xmlns:a="http://www.w3.org/2001/XMLSchema">0.00049655311227115575</Value></Attribute><Attribute z:Id="i11"><AttributeType>ixy</AttributeType><IsRequired>true</IsRequired><Value i:type="a:double" xmlns:a="http://www.w3.org/2001/XMLSchema">-2.3701256762520261E-06</Value></Attribute><Attribute z:Id="i12"><AttributeType>ixz</AttributeType><IsRequired>true</IsRequired><Value i:type="a:double" xmlns:a="http://www.w3.org/2001/XMLSchema">-6.6271100020447986E-09</Value></Attribute><Attribute z:Id="i13"><AttributeType>iyy</AttributeType><IsRequired>true</IsRequired><Value i:type="a:double" xmlns:a="http://www.w3.org/2001/XMLSchema">0.000718253071215075</Value></Attribute><Attribute z:Id="i14"><AttributeType>iyz</AttributeType><IsRequired>true</IsRequired><Value i:type="a:double" xmlns:a="http://www.w3.org/2001/XMLSchema">-8.9629571509230565E-07</Value></Attribute><Attribute z:Id="i15"><AttributeType>izz</AttributeType><IsRequired>true</IsRequired><Value i:type="a:double" xmlns:a="http://www.w3.org/2001/XMLSchema">0.00053368370295943965</Value></Attribute></Attributes><ChildElements/><ElementName>inertia</ElementName><required>false</required><IxxAttribute z:Ref="i10"/><IxyAttribute z:Ref="i11"/><IxzAttribute z:Ref="i12"/><IyyAttribute z:Ref="i13"/><IyzAttribute z:Ref="i14"/><IzzAttribute z:Ref="i15"/></URDFElement></ChildElements><ElementName>inertial</ElementName><required>false</required><Inertia z:Ref="i9"/><Mass z:Ref="i7"/><Origin z:Ref="i4"/></URDFElement><URDFElement z:Id="i16" i:type="Visual"><Attributes/><ChildElements><URDFElement z:Id="i17" i:type="Origin"><Attributes><Attribute z:Id="i18"><AttributeType>xyz</AttributeType><IsRequired>true</IsRequired><Value i:type="a:ArrayOfdouble" xmlns:a="http://schemas.microsoft.com/2003/10/Serialization/Arrays"><a:double>0</a:double><a:double>0</a:double><a:double>0</a:double></Value></Attribute><Attribute z:Id="i19"><AttributeType>rpy</AttributeType><IsRequired>true</IsRequired><Value i:type="a:ArrayOfdouble" xmlns:a="http://schemas.microsoft.com/2003/10/Serialization/Arrays"><a:double>0</a:double><a:double>0</a:double><a:double>0</a:double></Value></Attribute></Attributes><ChildElements/><ElementName>origin</ElementName><required>false</required><RPYAttribute z:Ref="i19"/><XYZAttribute z:Ref="i18"/><isCustomized>false</isCustomized></URDFElement><URDFElement z:Id="i20" i:type="Geometry"><Attributes/><ChildElements><URDFElement z:Id="i21" i:type="Mesh"><Attributes><Attribute z:Id="i22"><AttributeType>filename</AttributeType><IsRequired>true</IsRequired><Value i:nil="true"/></Attribute></Attributes><ChildElements/><ElementName>mesh</ElementName><required>false</required><FilenameAttribute z:Ref="i22"/></URDFElement></ChildElements><ElementName>geometry</ElementName><required>true</required><Mesh z:Ref="i21"/></URDFElement><URDFElement z:Id="i23" i:type="Material"><Attributes><Attribute z:Id="i24"><AttributeType>name</AttributeType><IsRequired>true</IsRequired><Value i:type="a:string" xmlns:a="http://www.w3.org/2001/XMLSchema"/></Attribute></Attributes><ChildElements><URDFElement z:Id="i25" i:type="Color"><Attributes><Attribute z:Id="i26"><AttributeType>rgba</AttributeType><IsRequired>true</IsRequired><Value i:type="a:ArrayOfdouble" xmlns:a="http://schemas.microsoft.com/2003/10/Serialization/Arrays"><a:double>0.792156862745098</a:double><a:double>0.81960784313725488</a:double><a:double>0.93333333333333335</a:double><a:double>1</a:double></Value></Attribute></Attributes><ChildElements/><ElementName>color</ElementName><required>false</required><RGBAAttribute z:Ref="i26"/></URDFElement><URDFElement z:Id="i27" i:type="Texture"><Attributes><Attribute z:Id="i28"><AttributeType>filename</AttributeType><IsRequired>true</IsRequired><Value i:nil="true"/></Attribute></Attributes><ChildElements/><ElementName>texture</ElementName><required>false</required><FilenameAttribute z:Ref="i28"/><wFilename/></URDFElement></ChildElements><ElementName>material</ElementName><required>false</required><Color z:Ref="i25"/><NameAttribute z:Ref="i24"/><Texture z:Ref="i27"/></URDFElement></ChildElements><ElementName>visual</ElementName><required>false</required><Geometry z:Ref="i20"/><Material z:Ref="i23"/><Origin z:Ref="i17"/></URDFElement><URDFElement z:Id="i29" i:type="Collision"><Attributes/><ChildElements><URDFElement z:Id="i30" i:type="Origin"><Attributes><Attribute z:Id="i31"><AttributeType>xyz</AttributeType><IsRequired>true</IsRequired><Value i:type="a:ArrayOfdouble" xmlns:a="http://schemas.microsoft.com/2003/10/Serialization/Arrays"><a:double>0</a:double><a:double>0</a:double><a:double>0</a:double></Value></Attribute><Attribute z:Id="i32"><AttributeType>rpy</AttributeType><IsRequired>true</IsRequired><Value i:type="a:ArrayOfdouble" xmlns:a="http://schemas.microsoft.com/2003/10/Serialization/Arrays"><a:double>0</a:double><a:double>0</a:double><a:double>0</a:double></Value></Attribute></Attributes><ChildElements/><ElementName>origin</ElementName><required>false</required><RPYAttribute z:Ref="i32"/><XYZAttribute z:Ref="i31"/><isCustomized>false</isCustomized></URDFElement><URDFElement z:Id="i33" i:type="Geometry"><Attributes/><ChildElements><URDFElement z:Id="i34" i:type="Mesh"><Attributes><Attribute z:Id="i35"><AttributeType>filename</AttributeType><IsRequired>true</IsRequired><Value i:nil="true"/></Attribute></Attributes><ChildElements/><ElementName>mesh</ElementName><required>false</required><FilenameAttribute z:Ref="i35"/></URDFElement></ChildElements><ElementName>geometry</ElementName><required>true</required><Mesh z:Ref="i34"/></URDFElement></ChildElements><ElementName>collision</ElementName><required>false</required><Geometry z:Ref="i33"/><Origin z:Ref="i30"/></URDFElement><URDFElement z:Id="i36" i:type="Joint"><Attributes><Attribute z:Id="i37"><AttributeType>name</AttributeType><IsRequired>true</IsRequired><Value i:type="a:string" xmlns:a="http://www.w3.org/2001/XMLSchema"/></Attribute><Attribute z:Id="i38"><AttributeType>type</AttributeType><IsRequired>true</IsRequired><Value i:type="a:string" xmlns:a="http://www.w3.org/2001/XMLSchema"/></Attribute></Attributes><ChildElements><URDFElement z:Id="i39" i:type="Origin"><Attributes><Attribute z:Id="i40"><AttributeType>xyz</AttributeType><IsRequired>true</IsRequired><Value i:type="a:ArrayOfdouble" xmlns:a="http://schemas.microsoft.com/2003/10/Serialization/Arrays"><a:double>0</a:double><a:double>0</a:double><a:double>0</a:double></Value></Attribute><Attribute z:Id="i41"><AttributeType>rpy</AttributeType><IsRequired>true</IsRequired><Value i:type="a:ArrayOfdouble" xmlns:a="http://schemas.microsoft.com/2003/10/Serialization/Arrays"><a:double>0</a:double><a:double>0</a:double><a:double>0</a:double></Value></Attribute></Attributes><ChildElements/><ElementName>origin</ElementName><required>false</required><RPYAttribute z:Ref="i41"/><XYZAttribute z:Ref="i40"/><isCustomized>false</isCustomized></URDFElement><URDFElement z:Id="i42" i:type="ParentLink"><Attributes><Attribute z:Id="i43"><AttributeType>link</AttributeType><IsRequired>true</IsRequired><Value i:type="a:string" xmlns:a="http://www.w3.org/2001/XMLSchema"/></Attribute></Attributes><ChildElements/><ElementName>parent</ElementName><required>true</required><NameAttribute z:Ref="i43"/></URDFElement><URDFElement z:Id="i44" i:type="ChildLink"><Attributes><Attribute z:Id="i45"><AttributeType>link</AttributeType><IsRequired>true</IsRequired><Value i:type="a:string" xmlns:a="http://www.w3.org/2001/XMLSchema"/></Attribute></Attributes><ChildElements/><ElementName>child</ElementName><required>true</required><NameAttribute z:Ref="i45"/></URDFElement><URDFElement z:Id="i46" i:type="Axis"><Attributes><Attribute z:Id="i47"><AttributeType>xyz</AttributeType><IsRequired>true</IsRequired><Value i:type="a:ArrayOfdouble" xmlns:a="http://schemas.microsoft.com/2003/10/Serialization/Arrays"><a:double>0</a:double><a:double>0</a:double><a:double>0</a:double></Value></Attribute></Attributes><ChildElements/><ElementName>axis</ElementName><required>false</required><XYZAttribute z:Ref="i47"/></URDFElement><URDFElement z:Id="i48" i:type="Limit"><Attributes><Attribute z:Id="i49"><AttributeType>lower</AttributeType><IsRequired>false</IsRequired><Value i:nil="true"/></Attribute><Attribute z:Id="i50"><AttributeType>upper</AttributeType><IsRequired>false</IsRequired><Value i:nil="true"/></Attribute><Attribute z:Id="i51"><AttributeType>effort</AttributeType><IsRequired>true</IsRequired><Value i:nil="true"/></Attribute><Attribute z:Id="i52"><AttributeType>velocity</AttributeType><IsRequired>true</IsRequired><Value i:nil="true"/></Attribute></Attributes><ChildElements/><ElementName>limit</ElementName><required>false</required><EffortAttribute z:Ref="i51"/><LowerAttribute z:Ref="i49"/><UpperAttribute z:Ref="i50"/><VelocityAttribute z:Ref="i52"/></URDFElement><URDFElement z:Id="i53" i:type="Calibration"><Attributes><Attribute z:Id="i54"><AttributeType>rising</AttributeType><IsRequired>false</IsRequired><Value i:nil="true"/></Attribute><Attribute z:Id="i55"><AttributeType>falling</AttributeType><IsRequired>false</IsRequired><Value i:nil="true"/></Attribute></Attributes><ChildElements/><ElementName>calibration</ElementName><required>false</required><FallingAttribute z:Ref="i55"/><RisingAttribute z:Ref="i54"/></URDFElement><URDFElement z:Id="i56" i:type="Dynamics"><Attributes><Attribute z:Id="i57"><AttributeType>damping</AttributeType><IsRequired>false</IsRequired><Value i:nil="true"/></Attribute><Attribute z:Id="i58"><AttributeType>friction</AttributeType><IsRequired>false</IsRequired><Value i:nil="true"/></Attribute></Attributes><ChildElements/><ElementName>dynamics</ElementName><required>false</required><DampingAttribute z:Ref="i57"/><FrictionAttribute z:Ref="i58"/></URDFElement><URDFElement z:Id="i59" i:type="SafetyController"><Attributes><Attribute z:Id="i60"><AttributeType>soft_upper_limit</AttributeType><IsRequired>false</IsRequired><Value i:nil="true"/></Attribute><Attribute z:Id="i61"><AttributeType>soft_lower_limit</AttributeType><IsRequired>false</IsRequired><Value i:nil="true"/></Attribute><Attribute z:Id="i62"><AttributeType>k_position</AttributeType><IsRequired>false</IsRequired><Value i:nil="true"/></Attribute><Attribute z:Id="i63"><AttributeType>k_velocity</AttributeType><IsRequired>true</IsRequired><Value i:nil="true"/></Attribute></Attributes><ChildElements/><ElementName>safety_controller</ElementName><required>false</required><KPositionAttribute z:Ref="i62"/><KVelocityAttribute z:Ref="i63"/><SoftLowerAttribute z:Ref="i61"/><SoftUpperAttribute z:Ref="i60"/></URDFElement><URDFElement z:Id="i64" i:type="Mimic"><Attributes><Attribute z:Id="i65"><AttributeType>joint</AttributeType><IsRequired>true</IsRequired><Value i:nil="true"/></Attribute><Attribute z:Id="i66"><AttributeType>multiplier</AttributeType><IsRequired>false</IsRequired><Value i:nil="true"/></Attribute><Attribute z:Id="i67"><AttributeType>offset</AttributeType><IsRequired>false</IsRequired><Value i:nil="true"/></Attribute></Attributes><ChildElements/><ElementName>mimic</ElementName><required>false</required><JointNameAttribute z:Ref="i65"/><MultiplierAttribute z:Ref="i66"/><OffsetAttribute z:Ref="i67"/></URDFElement></ChildElements><ElementName>joint</ElementName><required>false</required><Axis z:Ref="i46"/><AxisName/><Calibration z:Ref="i53"/><Child z:Ref="i44"/><CoordinateSystemName>Origin_global</CoordinateSystemName><Dynamics z:Ref="i56"/><Limit z:Ref="i48"/><Mimic z:Ref="i64"/><NameAttribute z:Ref="i37"/><Origin z:Ref="i39"/><Parent z:Ref="i42"/><Safety z:Ref="i59"/><TypeAttribute z:Ref="i38"/></URDFElement></ChildElements><ElementName>link</ElementName><required>true</required><Children><Link z:Id="i68"><Attributes><Attribute z:Id="i69"><AttributeType>name</AttributeType><IsRequired>true</IsRequired><Value i:type="a:string" xmlns:a="http://www.w3.org/2001/XMLSchema">Link1</Value></Attribute></Attributes><ChildElements><URDFElement z:Id="i70" i:type="Inertial"><Attributes/><ChildElements><URDFElement z:Id="i71" i:type="Origin"><Attributes><Attribute z:Id="i72"><AttributeType>xyz</AttributeType><IsRequired>true</IsRequired><Value i:type="a:ArrayOfdouble" xmlns:a="http://schemas.microsoft.com/2003/10/Serialization/Arrays"><a:double>-1.0868E-09</a:double><a:double>0.16126</a:double><a:double>-1.0193E-09</a:double></Value></Attribute><Attribute z:Id="i73"><AttributeType>rpy</AttributeType><IsRequired>true</IsRequired><Value i:type="a:ArrayOfdouble" xmlns:a="http://schemas.microsoft.com/2003/10/Serialization/Arrays"><a:double>0</a:double><a:double>0</a:double><a:double>0</a:double></Value></Attribute></Attributes><ChildElements/><ElementName>origin</ElementName><required>false</required><RPYAttribute z:Ref="i73"/><XYZAttribute z:Ref="i72"/><isCustomized>false</isCustomized></URDFElement><URDFElement z:Id="i74" i:type="Mass"><Attributes><Attribute z:Id="i75"><AttributeType>value</AttributeType><IsRequired>true</IsRequired><Value i:type="a:double" xmlns:a="http://www.w3.org/2001/XMLSchema">0.82362</Value></Attribute></Attributes><ChildElements/><ElementName>mass</ElementName><required>false</required><ValueAttribute z:Ref="i75"/></URDFElement><URDFElement z:Id="i76" i:type="Inertia"><Attributes><Attribute z:Id="i77"><AttributeType>ixx</AttributeType><IsRequired>true</IsRequired><Value i:type="a:double" xmlns:a="http://www.w3.org/2001/XMLSchema">0.0007323</Value></Attribute><Attribute z:Id="i78"><AttributeType>ixy</AttributeType><IsRequired>true</IsRequired><Value i:type="a:double" xmlns:a="http://www.w3.org/2001/XMLSchema">9.5521E-12</Value></Attribute><Attribute z:Id="i79"><AttributeType>ixz</AttributeType><IsRequired>true</IsRequired><Value i:type="a:double" xmlns:a="http://www.w3.org/2001/XMLSchema">2.3198E-06</Value></Attribute><Attribute z:Id="i80"><AttributeType>iyy</AttributeType><IsRequired>true</IsRequired><Value i:type="a:double" xmlns:a="http://www.w3.org/2001/XMLSchema">0.00061854</Value></Attribute><Attribute z:Id="i81"><AttributeType>iyz</AttributeType><IsRequired>true</IsRequired><Value i:type="a:double" xmlns:a="http://www.w3.org/2001/XMLSchema">3.4988E-09</Value></Attribute><Attribute z:Id="i82"><AttributeType>izz</AttributeType><IsRequired>true</IsRequired><Value i:type="a:double" xmlns:a="http://www.w3.org/2001/XMLSchema">0.00082421</Value></Attribute></Attributes><ChildElements/><ElementName>inertia</ElementName><required>false</required><IxxAttribute z:Ref="i77"/><IxyAttribute z:Ref="i78"/><IxzAttribute z:Ref="i79"/><IyyAttribute z:Ref="i80"/><IyzAttribute z:Ref="i81"/><IzzAttribute z:Ref="i82"/></URDFElement></ChildElements><ElementName>inertial</ElementName><required>false</required><Inertia z:Ref="i76"/><Mass z:Ref="i74"/><Origin z:Ref="i71"/></URDFElement><URDFElement z:Id="i83" i:type="Visual"><Attributes/><ChildElements><URDFElement z:Id="i84" i:type="Origin"><Attributes><Attribute z:Id="i85"><AttributeType>xyz</AttributeType><IsRequired>true</IsRequired><Value i:type="a:ArrayOfdouble" xmlns:a="http://schemas.microsoft.com/2003/10/Serialization/Arrays"><a:double>0</a:double><a:double>0</a:double><a:double>0</a:double></Value></Attribute><Attribute z:Id="i86"><AttributeType>rpy</AttributeType><IsRequired>true</IsRequired><Value i:type="a:ArrayOfdouble" xmlns:a="http://schemas.microsoft.com/2003/10/Serialization/Arrays"><a:double>0</a:double><a:double>0</a:double><a:double>0</a:double></Value></Attribute></Attributes><ChildElements/><ElementName>origin</ElementName><required>false</required><RPYAttribute z:Ref="i86"/><XYZAttribute z:Ref="i85"/><isCustomized>false</isCustomized></URDFElement><URDFElement z:Id="i87" i:type="Geometry"><Attributes/><ChildElements><URDFElement z:Id="i88" i:type="Mesh"><Attributes><Attribute z:Id="i89"><AttributeType>filename</AttributeType><IsRequired>true</IsRequired><Value i:nil="true"/></Attribute></Attributes><ChildElements/><ElementName>mesh</ElementName><required>false</required><FilenameAttribute z:Ref="i89"/></URDFElement></ChildElements><ElementName>geometry</ElementName><required>true</required><Mesh z:Ref="i88"/></URDFElement><URDFElement z:Id="i90" i:type="Material"><Attributes><Attribute z:Id="i91"><AttributeType>name</AttributeType><IsRequired>true</IsRequired><Value i:type="a:string" xmlns:a="http://www.w3.org/2001/XMLSchema"/></Attribute></Attributes><ChildElements><URDFElement z:Id="i92" i:type="Color"><Attributes><Attribute z:Id="i93"><AttributeType>rgba</AttributeType><IsRequired>true</IsRequired><Value i:type="a:ArrayOfdouble" xmlns:a="http://schemas.microsoft.com/2003/10/Serialization/Arrays"><a:double>0.79216</a:double><a:double>0.81961</a:double><a:double>0.93333</a:double><a:double>1</a:double></Value></Attribute></Attributes><ChildElements/><ElementName>color</ElementName><required>false</required><RGBAAttribute z:Ref="i93"/></URDFElement><URDFElement z:Id="i94" i:type="Texture"><Attributes><Attribute z:Id="i95"><AttributeType>filename</AttributeType><IsRequired>true</IsRequired><Value i:nil="true"/></Attribute></Attributes><ChildElements/><ElementName>texture</ElementName><required>false</required><FilenameAttribute z:Ref="i95"/><wFilename/></URDFElement></ChildElements><ElementName>material</ElementName><required>false</required><Color z:Ref="i92"/><NameAttribute z:Ref="i91"/><Texture z:Ref="i94"/></URDFElement></ChildElements><ElementName>visual</ElementName><required>false</required><Geometry z:Ref="i87"/><Material z:Ref="i90"/><Origin z:Ref="i84"/></URDFElement><URDFElement z:Id="i96" i:type="Collision"><Attributes/><ChildElements><URDFElement z:Id="i97" i:type="Origin"><Attributes><Attribute z:Id="i98"><AttributeType>xyz</AttributeType><IsRequired>true</IsRequired><Value i:type="a:ArrayOfdouble" xmlns:a="http://schemas.microsoft.com/2003/10/Serialization/Arrays"><a:double>0</a:double><a:double>0</a:double><a:double>0</a:double></Value></Attribute><Attribute z:Id="i99"><AttributeType>rpy</AttributeType><IsRequired>true</IsRequired><Value i:type="a:ArrayOfdouble" xmlns:a="http://schemas.microsoft.com/2003/10/Serialization/Arrays"><a:double>0</a:double><a:double>0</a:double><a:double>0</a:double></Value></Attribute></Attributes><ChildElements/><ElementName>origin</ElementName><required>false</required><RPYAttribute z:Ref="i99"/><XYZAttribute z:Ref="i98"/><isCustomized>false</isCustomized></URDFElement><URDFElement z:Id="i100" i:type="Geometry"><Attributes/><ChildElements><URDFElement z:Id="i101" i:type="Mesh"><Attributes><Attribute z:Id="i102"><AttributeType>filename</AttributeType><IsRequired>true</IsRequired><Value i:nil="true"/></Attribute></Attributes><ChildElements/><ElementName>mesh</ElementName><required>false</required><FilenameAttribute z:Ref="i102"/></URDFElement></ChildElements><ElementName>geometry</ElementName><required>true</required><Mesh z:Ref="i101"/></URDFElement></ChildElements><ElementName>collision</ElementName><required>false</required><Geometry z:Ref="i100"/><Origin z:Ref="i97"/></URDFElement><URDFElement z:Id="i103" i:type="Joint"><Attributes><Attribute z:Id="i104"><AttributeType>name</AttributeType><IsRequired>true</IsRequired><Value i:type="a:string" xmlns:a="http://www.w3.org/2001/XMLSchema">J1</Value></Attribute><Attribute z:Id="i105"><AttributeType>type</AttributeType><IsRequired>true</IsRequired><Value i:type="a:string" xmlns:a="http://www.w3.org/2001/XMLSchema">revolute</Value></Attribute></Attributes><ChildElements><URDFElement z:Id="i106" i:type="Origin"><Attributes><Attribute z:Id="i107"><AttributeType>xyz</AttributeType><IsRequired>true</IsRequired><Value i:type="a:ArrayOfdouble" xmlns:a="http://schemas.microsoft.com/2003/10/Serialization/Arrays"><a:double>0</a:double><a:double>0</a:double><a:double>0</a:double></Value></Attribute><Attribute z:Id="i108"><AttributeType>rpy</AttributeType><IsRequired>true</IsRequired><Value i:type="a:ArrayOfdouble" xmlns:a="http://schemas.microsoft.com/2003/10/Serialization/Arrays"><a:double>1.5708</a:double><a:double>0</a:double><a:double>1.5708</a:double></Value></Attribute></Attributes><ChildElements/><ElementName>origin</ElementName><required>false</required><RPYAttribute z:Ref="i108"/><XYZAttribute z:Ref="i107"/><isCustomized>false</isCustomized></URDFElement><URDFElement z:Id="i109" i:type="ParentLink"><Attributes><Attribute z:Id="i110"><AttributeType>link</AttributeType><IsRequired>true</IsRequired><Value i:type="a:string" xmlns:a="http://www.w3.org/2001/XMLSchema">base</Value></Attribute></Attributes><ChildElements/><ElementName>parent</ElementName><required>true</required><NameAttribute z:Ref="i110"/></URDFElement><URDFElement z:Id="i111" i:type="ChildLink"><Attributes><Attribute z:Id="i112"><AttributeType>link</AttributeType><IsRequired>true</IsRequired><Value i:type="a:string" xmlns:a="http://www.w3.org/2001/XMLSchema">Link1</Value></Attribute></Attributes><ChildElements/><ElementName>child</ElementName><required>true</required><NameAttribute z:Ref="i112"/></URDFElement><URDFElement z:Id="i113" i:type="Axis"><Attributes><Attribute z:Id="i114"><AttributeType>xyz</AttributeType><IsRequired>true</IsRequired><Value i:type="a:ArrayOfdouble" xmlns:a="http://schemas.microsoft.com/2003/10/Serialization/Arrays"><a:double>0</a:double><a:double>1</a:double><a:double>0</a:double></Value></Attribute></Attributes><ChildElements/><ElementName>axis</ElementName><required>false</required><XYZAttribute z:Ref="i114"/></URDFElement><URDFElement z:Id="i115" i:type="Limit"><Attributes><Attribute z:Id="i116"><AttributeType>lower</AttributeType><IsRequired>true</IsRequired><Value i:type="a:double" xmlns:a="http://www.w3.org/2001/XMLSchema">0</Value></Attribute><Attribute z:Id="i117"><AttributeType>upper</AttributeType><IsRequired>true</IsRequired><Value i:type="a:double" xmlns:a="http://www.w3.org/2001/XMLSchema">0</Value></Attribute><Attribute z:Id="i118"><AttributeType>effort</AttributeType><IsRequired>true</IsRequired><Value i:type="a:double" xmlns:a="http://www.w3.org/2001/XMLSchema">0</Value></Attribute><Attribute z:Id="i119"><AttributeType>velocity</AttributeType><IsRequired>true</IsRequired><Value i:type="a:double" xmlns:a="http://www.w3.org/2001/XMLSchema">0</Value></Attribute></Attributes><ChildElements/><ElementName>limit</ElementName><required>true</required><EffortAttribute z:Ref="i118"/><LowerAttribute z:Ref="i116"/><UpperAttribute z:Ref="i117"/><VelocityAttribute z:Ref="i119"/></URDFElement><URDFElement z:Id="i120" i:type="Calibration"><Attributes><Attribute z:Id="i121"><AttributeType>rising</AttributeType><IsRequired>false</IsRequired><Value i:nil="true"/></Attribute><Attribute z:Id="i122"><AttributeType>falling</AttributeType><IsRequired>false</IsRequired><Value i:nil="true"/></Attribute></Attributes><ChildElements/><ElementName>calibration</ElementName><required>false</required><FallingAttribute z:Ref="i122"/><RisingAttribute z:Ref="i121"/></URDFElement><URDFElement z:Id="i123" i:type="Dynamics"><Attributes><Attribute z:Id="i124"><AttributeType>damping</AttributeType><IsRequired>false</IsRequired><Value i:nil="true"/></Attribute><Attribute z:Id="i125"><AttributeType>friction</AttributeType><IsRequired>false</IsRequired><Value i:nil="true"/></Attribute></Attributes><ChildElements/><ElementName>dynamics</ElementName><required>false</required><DampingAttribute z:Ref="i124"/><FrictionAttribute z:Ref="i125"/></URDFElement><URDFElement z:Id="i126" i:type="SafetyController"><Attributes><Attribute z:Id="i127"><AttributeType>soft_upper_limit</AttributeType><IsRequired>false</IsRequired><Value i:nil="true"/></Attribute><Attribute z:Id="i128"><AttributeType>soft_lower_limit</AttributeType><IsRequired>false</IsRequired><Value i:nil="true"/></Attribute><Attribute z:Id="i129"><AttributeType>k_position</AttributeType><IsRequired>false</IsRequired><Value i:nil="true"/></Attribute><Attribute z:Id="i130"><AttributeType>k_velocity</AttributeType><IsRequired>true</IsRequired><Value i:nil="true"/></Attribute></Attributes><ChildElements/><ElementName>safety_controller</ElementName><required>false</required><KPositionAttribute z:Ref="i129"/><KVelocityAttribute z:Ref="i130"/><SoftLowerAttribute z:Ref="i128"/><SoftUpperAttribute z:Ref="i127"/></URDFElement><URDFElement z:Id="i131" i:type="Mimic"><Attributes><Attribute z:Id="i132"><AttributeType>joint</AttributeType><IsRequired>true</IsRequired><Value i:nil="true"/></Attribute><Attribute z:Id="i133"><AttributeType>multiplier</AttributeType><IsRequired>false</IsRequired><Value i:nil="true"/></Attribute><Attribute z:Id="i134"><AttributeType>offset</AttributeType><IsRequired>false</IsRequired><Value i:nil="true"/></Attribute></Attributes><ChildElements/><ElementName>mimic</ElementName><required>false</required><JointNameAttribute z:Ref="i132"/><MultiplierAttribute z:Ref="i133"/><OffsetAttribute z:Ref="i134"/></URDFElement></ChildElements><ElementName>joint</ElementName><required>false</required><Axis z:Ref="i113"/><AxisName>?????????1</AxisName><Calibration z:Ref="i120"/><Child z:Ref="i111"/><CoordinateSystemName>?????????1</CoordinateSystemName><Dynamics z:Ref="i123"/><Limit z:Ref="i115"/><Mimic z:Ref="i131"/><NameAttribute z:Ref="i104"/><Origin z:Ref="i106"/><Parent z:Ref="i109"/><Safety z:Ref="i126"/><TypeAttribute z:Ref="i105"/></URDFElement></ChildElements><ElementName>link</ElementName><required>true</required><Children><Link z:Id="i135"><Attributes><Attribute z:Id="i136"><AttributeType>name</AttributeType><IsRequired>true</IsRequired><Value i:type="a:string" xmlns:a="http://www.w3.org/2001/XMLSchema">Link2</Value></Attribute></Attributes><ChildElements><URDFElement z:Id="i137" i:type="Inertial"><Attributes/><ChildElements><URDFElement z:Id="i138" i:type="Origin"><Attributes><Attribute z:Id="i139"><AttributeType>xyz</AttributeType><IsRequired>true</IsRequired><Value i:type="a:ArrayOfdouble" xmlns:a="http://schemas.microsoft.com/2003/10/Serialization/Arrays"><a:double>-0.15128</a:double><a:double>-6.7794E-05</a:double><a:double>0.15221</a:double></Value></Attribute><Attribute z:Id="i140"><AttributeType>rpy</AttributeType><IsRequired>true</IsRequired><Value i:type="a:ArrayOfdouble" xmlns:a="http://schemas.microsoft.com/2003/10/Serialization/Arrays"><a:double>0</a:double><a:double>0</a:double><a:double>0</a:double></Value></Attribute></Attributes><ChildElements/><ElementName>origin</ElementName><required>false</required><RPYAttribute z:Ref="i140"/><XYZAttribute z:Ref="i139"/><isCustomized>false</isCustomized></URDFElement><URDFElement z:Id="i141" i:type="Mass"><Attributes><Attribute z:Id="i142"><AttributeType>value</AttributeType><IsRequired>true</IsRequired><Value i:type="a:double" xmlns:a="http://www.w3.org/2001/XMLSchema">0.34186</Value></Attribute></Attributes><ChildElements/><ElementName>mass</ElementName><required>false</required><ValueAttribute z:Ref="i142"/></URDFElement><URDFElement z:Id="i143" i:type="Inertia"><Attributes><Attribute z:Id="i144"><AttributeType>ixx</AttributeType><IsRequired>true</IsRequired><Value i:type="a:double" xmlns:a="http://www.w3.org/2001/XMLSchema">0.0012285</Value></Attribute><Attribute z:Id="i145"><AttributeType>ixy</AttributeType><IsRequired>true</IsRequired><Value i:type="a:double" xmlns:a="http://www.w3.org/2001/XMLSchema">7.5441E-10</Value></Attribute><Attribute z:Id="i146"><AttributeType>ixz</AttributeType><IsRequired>true</IsRequired><Value i:type="a:double" xmlns:a="http://www.w3.org/2001/XMLSchema">0.0010492</Value></Attribute><Attribute z:Id="i147"><AttributeType>iyy</AttributeType><IsRequired>true</IsRequired><Value i:type="a:double" xmlns:a="http://www.w3.org/2001/XMLSchema">0.0023978</Value></Attribute><Attribute z:Id="i148"><AttributeType>iyz</AttributeType><IsRequired>true</IsRequired><Value i:type="a:double" xmlns:a="http://www.w3.org/2001/XMLSchema">1.6626E-09</Value></Attribute><Attribute z:Id="i149"><AttributeType>izz</AttributeType><IsRequired>true</IsRequired><Value i:type="a:double" xmlns:a="http://www.w3.org/2001/XMLSchema">0.0012195</Value></Attribute></Attributes><ChildElements/><ElementName>inertia</ElementName><required>false</required><IxxAttribute z:Ref="i144"/><IxyAttribute z:Ref="i145"/><IxzAttribute z:Ref="i146"/><IyyAttribute z:Ref="i147"/><IyzAttribute z:Ref="i148"/><IzzAttribute z:Ref="i149"/></URDFElement></ChildElements><ElementName>inertial</ElementName><required>false</required><Inertia z:Ref="i143"/><Mass z:Ref="i141"/><Origin z:Ref="i138"/></URDFElement><URDFElement z:Id="i150" i:type="Visual"><Attributes/><ChildElements><URDFElement z:Id="i151" i:type="Origin"><Attributes><Attribute z:Id="i152"><AttributeType>xyz</AttributeType><IsRequired>true</IsRequired><Value i:type="a:ArrayOfdouble" xmlns:a="http://schemas.microsoft.com/2003/10/Serialization/Arrays"><a:double>0</a:double><a:double>0</a:double><a:double>0</a:double></Value></Attribute><Attribute z:Id="i153"><AttributeType>rpy</AttributeType><IsRequired>true</IsRequired><Value i:type="a:ArrayOfdouble" xmlns:a="http://schemas.microsoft.com/2003/10/Serialization/Arrays"><a:double>0</a:double><a:double>0</a:double><a:double>0</a:double></Value></Attribute></Attributes><ChildElements/><ElementName>origin</ElementName><required>false</required><RPYAttribute z:Ref="i153"/><XYZAttribute z:Ref="i152"/><isCustomized>false</isCustomized></URDFElement><URDFElement z:Id="i154" i:type="Geometry"><Attributes/><ChildElements><URDFElement z:Id="i155" i:type="Mesh"><Attributes><Attribute z:Id="i156"><AttributeType>filename</AttributeType><IsRequired>true</IsRequired><Value i:nil="true"/></Attribute></Attributes><ChildElements/><ElementName>mesh</ElementName><required>false</required><FilenameAttribute z:Ref="i156"/></URDFElement></ChildElements><ElementName>geometry</ElementName><required>true</required><Mesh z:Ref="i155"/></URDFElement><URDFElement z:Id="i157" i:type="Material"><Attributes><Attribute z:Id="i158"><AttributeType>name</AttributeType><IsRequired>true</IsRequired><Value i:type="a:string" xmlns:a="http://www.w3.org/2001/XMLSchema"/></Attribute></Attributes><ChildElements><URDFElement z:Id="i159" i:type="Color"><Attributes><Attribute z:Id="i160"><AttributeType>rgba</AttributeType><IsRequired>true</IsRequired><Value i:type="a:ArrayOfdouble" xmlns:a="http://schemas.microsoft.com/2003/10/Serialization/Arrays"><a:double>0.79216</a:double><a:double>0.81961</a:double><a:double>0.93333</a:double><a:double>1</a:double></Value></Attribute></Attributes><ChildElements/><ElementName>color</ElementName><required>false</required><RGBAAttribute z:Ref="i160"/></URDFElement><URDFElement z:Id="i161" i:type="Texture"><Attributes><Attribute z:Id="i162"><AttributeType>filename</AttributeType><IsRequired>true</IsRequired><Value i:nil="true"/></Attribute></Attributes><ChildElements/><ElementName>texture</ElementName><required>false</required><FilenameAttribute z:Ref="i162"/><wFilename/></URDFElement></ChildElements><ElementName>material</ElementName><required>false</required><Color z:Ref="i159"/><NameAttribute z:Ref="i158"/><Texture z:Ref="i161"/></URDFElement></ChildElements><ElementName>visual</ElementName><required>false</required><Geometry z:Ref="i154"/><Material z:Ref="i157"/><Origin z:Ref="i151"/></URDFElement><URDFElement z:Id="i163" i:type="Collision"><Attributes/><ChildElements><URDFElement z:Id="i164" i:type="Origin"><Attributes><Attribute z:Id="i165"><AttributeType>xyz</AttributeType><IsRequired>true</IsRequired><Value i:type="a:ArrayOfdouble" xmlns:a="http://schemas.microsoft.com/2003/10/Serialization/Arrays"><a:double>0</a:double><a:double>0</a:double><a:double>0</a:double></Value></Attribute><Attribute z:Id="i166"><AttributeType>rpy</AttributeType><IsRequired>true</IsRequired><Value i:type="a:ArrayOfdouble" xmlns:a="http://schemas.microsoft.com/2003/10/Serialization/Arrays"><a:double>0</a:double><a:double>0</a:double><a:double>0</a:double></Value></Attribute></Attributes><ChildElements/><ElementName>origin</ElementName><required>false</required><RPYAttribute z:Ref="i166"/><XYZAttribute z:Ref="i165"/><isCustomized>false</isCustomized></URDFElement><URDFElement z:Id="i167" i:type="Geometry"><Attributes/><ChildElements><URDFElement z:Id="i168" i:type="Mesh"><Attributes><Attribute z:Id="i169"><AttributeType>filename</AttributeType><IsRequired>true</IsRequired><Value i:nil="true"/></Attribute></Attributes><ChildElements/><ElementName>mesh</ElementName><required>false</required><FilenameAttribute z:Ref="i169"/></URDFElement></ChildElements><ElementName>geometry</ElementName><required>true</required><Mesh z:Ref="i168"/></URDFElement></ChildElements><ElementName>collision</ElementName><required>false</required><Geometry z:Ref="i167"/><Origin z:Ref="i164"/></URDFElement><URDFElement z:Id="i170" i:type="Joint"><Attributes><Attribute z:Id="i171"><AttributeType>name</AttributeType><IsRequired>true</IsRequired><Value i:type="a:string" xmlns:a="http://www.w3.org/2001/XMLSchema">J2</Value></Attribute><Attribute z:Id="i172"><AttributeType>type</AttributeType><IsRequired>true</IsRequired><Value i:type="a:string" xmlns:a="http://www.w3.org/2001/XMLSchema">revolute</Value></Attribute></Attributes><ChildElements><URDFElement z:Id="i173" i:type="Origin"><Attributes><Attribute z:Id="i174"><AttributeType>xyz</AttributeType><IsRequired>true</IsRequired><Value i:type="a:ArrayOfdouble" xmlns:a="http://schemas.microsoft.com/2003/10/Serialization/Arrays"><a:double>0</a:double><a:double>0.176</a:double><a:double>0</a:double></Value></Attribute><Attribute z:Id="i175"><AttributeType>rpy</AttributeType><IsRequired>true</IsRequired><Value i:type="a:ArrayOfdouble" xmlns:a="http://schemas.microsoft.com/2003/10/Serialization/Arrays"><a:double>0</a:double><a:double>0.48412</a:double><a:double>-1.5708</a:double></Value></Attribute></Attributes><ChildElements/><ElementName>origin</ElementName><required>false</required><RPYAttribute z:Ref="i175"/><XYZAttribute z:Ref="i174"/><isCustomized>false</isCustomized></URDFElement><URDFElement z:Id="i176" i:type="ParentLink"><Attributes><Attribute z:Id="i177"><AttributeType>link</AttributeType><IsRequired>true</IsRequired><Value i:type="a:string" xmlns:a="http://www.w3.org/2001/XMLSchema">Link1</Value></Attribute></Attributes><ChildElements/><ElementName>parent</ElementName><required>true</required><NameAttribute z:Ref="i177"/></URDFElement><URDFElement z:Id="i178" i:type="ChildLink"><Attributes><Attribute z:Id="i179"><AttributeType>link</AttributeType><IsRequired>true</IsRequired><Value i:type="a:string" xmlns:a="http://www.w3.org/2001/XMLSchema">Link2</Value></Attribute></Attributes><ChildElements/><ElementName>child</ElementName><required>true</required><NameAttribute z:Ref="i179"/></URDFElement><URDFElement z:Id="i180" i:type="Axis"><Attributes><Attribute z:Id="i181"><AttributeType>xyz</AttributeType><IsRequired>true</IsRequired><Value i:type="a:ArrayOfdouble" xmlns:a="http://schemas.microsoft.com/2003/10/Serialization/Arrays"><a:double>0</a:double><a:double>0</a:double><a:double>-1</a:double></Value></Attribute></Attributes><ChildElements/><ElementName>axis</ElementName><required>false</required><XYZAttribute z:Ref="i181"/></URDFElement><URDFElement z:Id="i182" i:type="Limit"><Attributes><Attribute z:Id="i183"><AttributeType>lower</AttributeType><IsRequired>true</IsRequired><Value i:type="a:double" xmlns:a="http://www.w3.org/2001/XMLSchema">0</Value></Attribute><Attribute z:Id="i184"><AttributeType>upper</AttributeType><IsRequired>true</IsRequired><Value i:type="a:double" xmlns:a="http://www.w3.org/2001/XMLSchema">0</Value></Attribute><Attribute z:Id="i185"><AttributeType>effort</AttributeType><IsRequired>true</IsRequired><Value i:type="a:double" xmlns:a="http://www.w3.org/2001/XMLSchema">0</Value></Attribute><Attribute z:Id="i186"><AttributeType>velocity</AttributeType><IsRequired>true</IsRequired><Value i:type="a:double" xmlns:a="http://www.w3.org/2001/XMLSchema">0</Value></Attribute></Attributes><ChildElements/><ElementName>limit</ElementName><required>true</required><EffortAttribute z:Ref="i185"/><LowerAttribute z:Ref="i183"/><UpperAttribute z:Ref="i184"/><VelocityAttribute z:Ref="i186"/></URDFElement><URDFElement z:Id="i187" i:type="Calibration"><Attributes><Attribute z:Id="i188"><AttributeType>rising</AttributeType><IsRequired>false</IsRequired><Value i:nil="true"/></Attribute><Attribute z:Id="i189"><AttributeType>falling</AttributeType><IsRequired>false</IsRequired><Value i:nil="true"/></Attribute></Attributes><ChildElements/><ElementName>calibration</ElementName><required>false</required><FallingAttribute z:Ref="i189"/><RisingAttribute z:Ref="i188"/></URDFElement><URDFElement z:Id="i190" i:type="Dynamics"><Attributes><Attribute z:Id="i191"><AttributeType>damping</AttributeType><IsRequired>false</IsRequired><Value i:nil="true"/></Attribute><Attribute z:Id="i192"><AttributeType>friction</AttributeType><IsRequired>false</IsRequired><Value i:nil="true"/></Attribute></Attributes><ChildElements/><ElementName>dynamics</ElementName><required>false</required><DampingAttribute z:Ref="i191"/><FrictionAttribute z:Ref="i192"/></URDFElement><URDFElement z:Id="i193" i:type="SafetyController"><Attributes><Attribute z:Id="i194"><AttributeType>soft_upper_limit</AttributeType><IsRequired>false</IsRequired><Value i:nil="true"/></Attribute><Attribute z:Id="i195"><AttributeType>soft_lower_limit</AttributeType><IsRequired>false</IsRequired><Value i:nil="true"/></Attribute><Attribute z:Id="i196"><AttributeType>k_position</AttributeType><IsRequired>false</IsRequired><Value i:nil="true"/></Attribute><Attribute z:Id="i197"><AttributeType>k_velocity</AttributeType><IsRequired>true</IsRequired><Value i:nil="true"/></Attribute></Attributes><ChildElements/><ElementName>safety_controller</ElementName><required>false</required><KPositionAttribute z:Ref="i196"/><KVelocityAttribute z:Ref="i197"/><SoftLowerAttribute z:Ref="i195"/><SoftUpperAttribute z:Ref="i194"/></URDFElement><URDFElement z:Id="i198" i:type="Mimic"><Attributes><Attribute z:Id="i199"><AttributeType>joint</AttributeType><IsRequired>true</IsRequired><Value i:nil="true"/></Attribute><Attribute z:Id="i200"><AttributeType>multiplier</AttributeType><IsRequired>false</IsRequired><Value i:nil="true"/></Attribute><Attribute z:Id="i201"><AttributeType>offset</AttributeType><IsRequired>false</IsRequired><Value i:nil="true"/></Attribute></Attributes><ChildElements/><ElementName>mimic</ElementName><required>false</required><JointNameAttribute z:Ref="i199"/><MultiplierAttribute z:Ref="i200"/><OffsetAttribute z:Ref="i201"/></URDFElement></ChildElements><ElementName>joint</ElementName><required>false</required><Axis z:Ref="i180"/><AxisName>?????????2</AxisName><Calibration z:Ref="i187"/><Child z:Ref="i178"/><CoordinateSystemName>?????????2</CoordinateSystemName><Dynamics z:Ref="i190"/><Limit z:Ref="i182"/><Mimic z:Ref="i198"/><NameAttribute z:Ref="i171"/><Origin z:Ref="i173"/><Parent z:Ref="i176"/><Safety z:Ref="i193"/><TypeAttribute z:Ref="i172"/></URDFElement></ChildElements><ElementName>link</ElementName><required>true</required><Children><Link z:Id="i202"><Attributes><Attribute z:Id="i203"><AttributeType>name</AttributeType><IsRequired>true</IsRequired><Value i:type="a:string" xmlns:a="http://www.w3.org/2001/XMLSchema">Link3</Value></Attribute></Attributes><ChildElements><URDFElement z:Id="i204" i:type="Inertial"><Attributes/><ChildElements><URDFElement z:Id="i205" i:type="Origin"><Attributes><Attribute z:Id="i206"><AttributeType>xyz</AttributeType><IsRequired>true</IsRequired><Value i:type="a:ArrayOfdouble" xmlns:a="http://schemas.microsoft.com/2003/10/Serialization/Arrays"><a:double>-0.20358</a:double><a:double>1.7223E-06</a:double><a:double>-0.13449</a:double></Value></Attribute><Attribute z:Id="i207"><AttributeType>rpy</AttributeType><IsRequired>true</IsRequired><Value i:type="a:ArrayOfdouble" xmlns:a="http://schemas.microsoft.com/2003/10/Serialization/Arrays"><a:double>0</a:double><a:double>0</a:double><a:double>0</a:double></Value></Attribute></Attributes><ChildElements/><ElementName>origin</ElementName><required>false</required><RPYAttribute z:Ref="i207"/><XYZAttribute z:Ref="i206"/><isCustomized>false</isCustomized></URDFElement><URDFElement z:Id="i208" i:type="Mass"><Attributes><Attribute z:Id="i209"><AttributeType>value</AttributeType><IsRequired>true</IsRequired><Value i:type="a:double" xmlns:a="http://www.w3.org/2001/XMLSchema">0.2618</Value></Attribute></Attributes><ChildElements/><ElementName>mass</ElementName><required>false</required><ValueAttribute z:Ref="i209"/></URDFElement><URDFElement z:Id="i210" i:type="Inertia"><Attributes><Attribute z:Id="i211"><AttributeType>ixx</AttributeType><IsRequired>true</IsRequired><Value i:type="a:double" xmlns:a="http://www.w3.org/2001/XMLSchema">0.00023644</Value></Attribute><Attribute z:Id="i212"><AttributeType>ixy</AttributeType><IsRequired>true</IsRequired><Value i:type="a:double" xmlns:a="http://www.w3.org/2001/XMLSchema">6.1801E-09</Value></Attribute><Attribute z:Id="i213"><AttributeType>ixz</AttributeType><IsRequired>true</IsRequired><Value i:type="a:double" xmlns:a="http://www.w3.org/2001/XMLSchema">0.00053652</Value></Attribute><Attribute z:Id="i214"><AttributeType>iyy</AttributeType><IsRequired>true</IsRequired><Value i:type="a:double" xmlns:a="http://www.w3.org/2001/XMLSchema">0.0019508</Value></Attribute><Attribute z:Id="i215"><AttributeType>iyz</AttributeType><IsRequired>true</IsRequired><Value i:type="a:double" xmlns:a="http://www.w3.org/2001/XMLSchema">8.4036E-11</Value></Attribute><Attribute z:Id="i216"><AttributeType>izz</AttributeType><IsRequired>true</IsRequired><Value i:type="a:double" xmlns:a="http://www.w3.org/2001/XMLSchema">0.0017623</Value></Attribute></Attributes><ChildElements/><ElementName>inertia</ElementName><required>false</required><IxxAttribute z:Ref="i211"/><IxyAttribute z:Ref="i212"/><IxzAttribute z:Ref="i213"/><IyyAttribute z:Ref="i214"/><IyzAttribute z:Ref="i215"/><IzzAttribute z:Ref="i216"/></URDFElement></ChildElements><ElementName>inertial</ElementName><required>false</required><Inertia z:Ref="i210"/><Mass z:Ref="i208"/><Origin z:Ref="i205"/></URDFElement><URDFElement z:Id="i217" i:type="Visual"><Attributes/><ChildElements><URDFElement z:Id="i218" i:type="Origin"><Attributes><Attribute z:Id="i219"><AttributeType>xyz</AttributeType><IsRequired>true</IsRequired><Value i:type="a:ArrayOfdouble" xmlns:a="http://schemas.microsoft.com/2003/10/Serialization/Arrays"><a:double>0</a:double><a:double>0</a:double><a:double>0</a:double></Value></Attribute><Attribute z:Id="i220"><AttributeType>rpy</AttributeType><IsRequired>true</IsRequired><Value i:type="a:ArrayOfdouble" xmlns:a="http://schemas.microsoft.com/2003/10/Serialization/Arrays"><a:double>0</a:double><a:double>0</a:double><a:double>0</a:double></Value></Attribute></Attributes><ChildElements/><ElementName>origin</ElementName><required>false</required><RPYAttribute z:Ref="i220"/><XYZAttribute z:Ref="i219"/><isCustomized>false</isCustomized></URDFElement><URDFElement z:Id="i221" i:type="Geometry"><Attributes/><ChildElements><URDFElement z:Id="i222" i:type="Mesh"><Attributes><Attribute z:Id="i223"><AttributeType>filename</AttributeType><IsRequired>true</IsRequired><Value i:nil="true"/></Attribute></Attributes><ChildElements/><ElementName>mesh</ElementName><required>false</required><FilenameAttribute z:Ref="i223"/></URDFElement></ChildElements><ElementName>geometry</ElementName><required>true</required><Mesh z:Ref="i222"/></URDFElement><URDFElement z:Id="i224" i:type="Material"><Attributes><Attribute z:Id="i225"><AttributeType>name</AttributeType><IsRequired>true</IsRequired><Value i:type="a:string" xmlns:a="http://www.w3.org/2001/XMLSchema"/></Attribute></Attributes><ChildElements><URDFElement z:Id="i226" i:type="Color"><Attributes><Attribute z:Id="i227"><AttributeType>rgba</AttributeType><IsRequired>true</IsRequired><Value i:type="a:ArrayOfdouble" xmlns:a="http://schemas.microsoft.com/2003/10/Serialization/Arrays"><a:double>0.89804</a:double><a:double>0.91765</a:double><a:double>0.92941</a:double><a:double>1</a:double></Value></Attribute></Attributes><ChildElements/><ElementName>color</ElementName><required>false</required><RGBAAttribute z:Ref="i227"/></URDFElement><URDFElement z:Id="i228" i:type="Texture"><Attributes><Attribute z:Id="i229"><AttributeType>filename</AttributeType><IsRequired>true</IsRequired><Value i:nil="true"/></Attribute></Attributes><ChildElements/><ElementName>texture</ElementName><required>false</required><FilenameAttribute z:Ref="i229"/><wFilename/></URDFElement></ChildElements><ElementName>material</ElementName><required>false</required><Color z:Ref="i226"/><NameAttribute z:Ref="i225"/><Texture z:Ref="i228"/></URDFElement></ChildElements><ElementName>visual</ElementName><required>false</required><Geometry z:Ref="i221"/><Material z:Ref="i224"/><Origin z:Ref="i218"/></URDFElement><URDFElement z:Id="i230" i:type="Collision"><Attributes/><ChildElements><URDFElement z:Id="i231" i:type="Origin"><Attributes><Attribute z:Id="i232"><AttributeType>xyz</AttributeType><IsRequired>true</IsRequired><Value i:type="a:ArrayOfdouble" xmlns:a="http://schemas.microsoft.com/2003/10/Serialization/Arrays"><a:double>0</a:double><a:double>0</a:double><a:double>0</a:double></Value></Attribute><Attribute z:Id="i233"><AttributeType>rpy</AttributeType><IsRequired>true</IsRequired><Value i:type="a:ArrayOfdouble" xmlns:a="http://schemas.microsoft.com/2003/10/Serialization/Arrays"><a:double>0</a:double><a:double>0</a:double><a:double>0</a:double></Value></Attribute></Attributes><ChildElements/><ElementName>origin</ElementName><required>false</required><RPYAttribute z:Ref="i233"/><XYZAttribute z:Ref="i232"/><isCustomized>false</isCustomized></URDFElement><URDFElement z:Id="i234" i:type="Geometry"><Attributes/><ChildElements><URDFElement z:Id="i235" i:type="Mesh"><Attributes><Attribute z:Id="i236"><AttributeType>filename</AttributeType><IsRequired>true</IsRequired><Value i:nil="true"/></Attribute></Attributes><ChildElements/><ElementName>mesh</ElementName><required>false</required><FilenameAttribute z:Ref="i236"/></URDFElement></ChildElements><ElementName>geometry</ElementName><required>true</required><Mesh z:Ref="i235"/></URDFElement></ChildElements><ElementName>collision</ElementName><required>false</required><Geometry z:Ref="i234"/><Origin z:Ref="i231"/></URDFElement><URDFElement z:Id="i237" i:type="Joint"><Attributes><Attribute z:Id="i238"><AttributeType>name</AttributeType><IsRequired>true</IsRequired><Value i:type="a:string" xmlns:a="http://www.w3.org/2001/XMLSchema">J3</Value></Attribute><Attribute z:Id="i239"><AttributeType>type</AttributeType><IsRequired>true</IsRequired><Value i:type="a:string" xmlns:a="http://www.w3.org/2001/XMLSchema">revolute</Value></Attribute></Attributes><ChildElements><URDFElement z:Id="i240" i:type="Origin"><Attributes><Attribute z:Id="i241"><AttributeType>xyz</AttributeType><IsRequired>true</IsRequired><Value i:type="a:ArrayOfdouble" xmlns:a="http://schemas.microsoft.com/2003/10/Serialization/Arrays"><a:double>-0.27796</a:double><a:double>0</a:double><a:double>0.27796</a:double></Value></Attribute><Attribute z:Id="i242"><AttributeType>rpy</AttributeType><IsRequired>true</IsRequired><Value i:type="a:ArrayOfdouble" xmlns:a="http://schemas.microsoft.com/2003/10/Serialization/Arrays"><a:double>-3.1416</a:double><a:double>0.7854</a:double><a:double>-3.1416</a:double></Value></Attribute></Attributes><ChildElements/><ElementName>origin</ElementName><required>false</required><RPYAttribute z:Ref="i242"/><XYZAttribute z:Ref="i241"/><isCustomized>false</isCustomized></URDFElement><URDFElement z:Id="i243" i:type="ParentLink"><Attributes><Attribute z:Id="i244"><AttributeType>link</AttributeType><IsRequired>true</IsRequired><Value i:type="a:string" xmlns:a="http://www.w3.org/2001/XMLSchema">Link2</Value></Attribute></Attributes><ChildElements/><ElementName>parent</ElementName><required>true</required><NameAttribute z:Ref="i244"/></URDFElement><URDFElement z:Id="i245" i:type="ChildLink"><Attributes><Attribute z:Id="i246"><AttributeType>link</AttributeType><IsRequired>true</IsRequired><Value i:type="a:string" xmlns:a="http://www.w3.org/2001/XMLSchema">Link3</Value></Attribute></Attributes><ChildElements/><ElementName>child</ElementName><required>true</required><NameAttribute z:Ref="i246"/></URDFElement><URDFElement z:Id="i247" i:type="Axis"><Attributes><Attribute z:Id="i248"><AttributeType>xyz</AttributeType><IsRequired>true</IsRequired><Value i:type="a:ArrayOfdouble" xmlns:a="http://schemas.microsoft.com/2003/10/Serialization/Arrays"><a:double>0</a:double><a:double>0</a:double><a:double>1</a:double></Value></Attribute></Attributes><ChildElements/><ElementName>axis</ElementName><required>false</required><XYZAttribute z:Ref="i248"/></URDFElement><URDFElement z:Id="i249" i:type="Limit"><Attributes><Attribute z:Id="i250"><AttributeType>lower</AttributeType><IsRequired>true</IsRequired><Value i:type="a:double" xmlns:a="http://www.w3.org/2001/XMLSchema">0</Value></Attribute><Attribute z:Id="i251"><AttributeType>upper</AttributeType><IsRequired>true</IsRequired><Value i:type="a:double" xmlns:a="http://www.w3.org/2001/XMLSchema">0</Value></Attribute><Attribute z:Id="i252"><AttributeType>effort</AttributeType><IsRequired>true</IsRequired><Value i:type="a:double" xmlns:a="http://www.w3.org/2001/XMLSchema">0</Value></Attribute><Attribute z:Id="i253"><AttributeType>velocity</AttributeType><IsRequired>true</IsRequired><Value i:type="a:double" xmlns:a="http://www.w3.org/2001/XMLSchema">0</Value></Attribute></Attributes><ChildElements/><ElementName>limit</ElementName><required>true</required><EffortAttribute z:Ref="i252"/><LowerAttribute z:Ref="i250"/><UpperAttribute z:Ref="i251"/><VelocityAttribute z:Ref="i253"/></URDFElement><URDFElement z:Id="i254" i:type="Calibration"><Attributes><Attribute z:Id="i255"><AttributeType>rising</AttributeType><IsRequired>false</IsRequired><Value i:nil="true"/></Attribute><Attribute z:Id="i256"><AttributeType>falling</AttributeType><IsRequired>false</IsRequired><Value i:nil="true"/></Attribute></Attributes><ChildElements/><ElementName>calibration</ElementName><required>false</required><FallingAttribute z:Ref="i256"/><RisingAttribute z:Ref="i255"/></URDFElement><URDFElement z:Id="i257" i:type="Dynamics"><Attributes><Attribute z:Id="i258"><AttributeType>damping</AttributeType><IsRequired>false</IsRequired><Value i:nil="true"/></Attribute><Attribute z:Id="i259"><AttributeType>friction</AttributeType><IsRequired>false</IsRequired><Value i:nil="true"/></Attribute></Attributes><ChildElements/><ElementName>dynamics</ElementName><required>false</required><DampingAttribute z:Ref="i258"/><FrictionAttribute z:Ref="i259"/></URDFElement><URDFElement z:Id="i260" i:type="SafetyController"><Attributes><Attribute z:Id="i261"><AttributeType>soft_upper_limit</AttributeType><IsRequired>false</IsRequired><Value i:nil="true"/></Attribute><Attribute z:Id="i262"><AttributeType>soft_lower_limit</AttributeType><IsRequired>false</IsRequired><Value i:nil="true"/></Attribute><Attribute z:Id="i263"><AttributeType>k_position</AttributeType><IsRequired>false</IsRequired><Value i:nil="true"/></Attribute><Attribute z:Id="i264"><AttributeType>k_velocity</AttributeType><IsRequired>true</IsRequired><Value i:nil="true"/></Attribute></Attributes><ChildElements/><ElementName>safety_controller</ElementName><required>false</required><KPositionAttribute z:Ref="i263"/><KVelocityAttribute z:Ref="i264"/><SoftLowerAttribute z:Ref="i262"/><SoftUpperAttribute z:Ref="i261"/></URDFElement><URDFElement z:Id="i265" i:type="Mimic"><Attributes><Attribute z:Id="i266"><AttributeType>joint</AttributeType><IsRequired>true</IsRequired><Value i:nil="true"/></Attribute><Attribute z:Id="i267"><AttributeType>multiplier</AttributeType><IsRequired>false</IsRequired><Value i:nil="true"/></Attribute><Attribute z:Id="i268"><AttributeType>offset</AttributeType><IsRequired>false</IsRequired><Value i:nil="true"/></Attribute></Attributes><ChildElements/><ElementName>mimic</ElementName><required>false</required><JointNameAttribute z:Ref="i266"/><MultiplierAttribute z:Ref="i267"/><OffsetAttribute z:Ref="i268"/></URDFElement></ChildElements><ElementName>joint</ElementName><required>false</required><Axis z:Ref="i247"/><AxisName>?????????3</AxisName><Calibration z:Ref="i254"/><Child z:Ref="i245"/><CoordinateSystemName>?????????3</CoordinateSystemName><Dynamics z:Ref="i257"/><Limit z:Ref="i249"/><Mimic z:Ref="i265"/><NameAttribute z:Ref="i238"/><Origin z:Ref="i240"/><Parent z:Ref="i243"/><Safety z:Ref="i260"/><TypeAttribute z:Ref="i239"/></URDFElement></ChildElements><ElementName>link</ElementName><required>true</required><Children/><Collision z:Ref="i230"/><Inertial z:Ref="i204"/><Joint z:Ref="i237"/><NameAttribute z:Ref="i203"/><Parent z:Ref="i135"/><STLQualityFine>false</STLQualityFine><SWComponentPIDs xmlns:a="http://schemas.microsoft.com/2003/10/Serialization/Arrays"><a:base64Binary>sDYAAAUAAAD//v8vwoEwADEAXwB2ADAALgAxAC4ANAAtADEAQACpgHNRgoJfAHYAMAAuADEALgA0AC8AK2fvem6PXwB2ADAALgAxAC4ANAAtADIAQADCgTAAMQBfAHYAMAAuADEALgA0AAQAAAAQAAAAAQAAAAIAAACLAAAAhgUAAA==</a:base64Binary><a:base64Binary>sDYAAAUAAAD//v8wwoEwADEAXwB2ADAALgAxAC4ANAAtADEAQACpgHNRgoJfAHYAMAAuADEALgA0AC8AdI9XWTAAMQBfAHYAMAAuADEALgA0AC0AMgBAAMKBMAAxAF8AdgAwAC4AMQAuADQABAAAABAAAAABAAAAAgAAAIsAAABGCAAA</a:base64Binary><a:base64Binary>sDYAAAUAAAD//v8xwoEwADEAXwB2ADAALgAxAC4ANAAtADEAQACpgHNRgoJfAHYAMAAuADEALgA0AC8AbI+lY7ZnMAA5AF8AdgAwAC4AMQAuADQALQAyAEAAwoEwADEAXwB2ADAALgAxAC4ANAAEAAAAEAAAAAEAAAACAAAAiwAAAIUFAAA=</a:base64Binary><a:base64Binary>sDYAAAUAAAD//v8wwoEwADEAXwB2ADAALgAxAC4ANAAtADEAQACpgHNRgoJfAHYAMAAuADEALgA0AC8AdI9XWTAAMQBfAHYAMAAuADEALgA0AC0AMQBAAMKBMAAxAF8AdgAwAC4AMQAuADQABAAAABAAAAABAAAAAgAAAIsAAAA3CAAA</a:base64Binary><a:base64Binary>sDYAAAUAAAD//v8wwoEwADEAXwB2ADAALgAxAC4ANAAtADEAQACpgHNRgoJfAHYAMAAuADEALgA0AC8As3ihezAAMwBfAHYAMAAuADEALgA0AC0AMQBAAMKBMAAxAF8AdgAwAC4AMQAuADQABAAAABAAAAABAAAAAgAAAIsAAABsBwAA</a:base64Binary><a:base64Binary>sDYAAAUAAAD//v8xwoEwADEAXwB2ADAALgAxAC4ANAAtADEAQACpgHNRgoJfAHYAMAAuADEALgA0AC8AbI+lY7ZnMAA4AF8AdgAwAC4AMQAuADQALQAxAEAAwoEwADEAXwB2ADAALgAxAC4ANAAEAAAAEAAAAAEAAAACAAAAiwAAAGYFAAA=</a:base64Binary><a:base64Binary>sDYAAAUAAAD//v8xwoEwADEAXwB2ADAALgAxAC4ANAAtADEAQACpgHNRgoJfAHYAMAAuADEALgA0AC8AbI+lY7ZnMAA4AF8AdgAwAC4AMQAuADQALQAyAEAAwoEwADEAXwB2ADAALgAxAC4ANAAEAAAAEAAAAAEAAAACAAAAiwAAAGgFAAA=</a:base64Binary></SWComponentPIDs><SWMainComponentPID i:nil="true"/><Visual z:Ref="i217"/><isFixedFrame>false</isFixedFrame><isIncomplete>false</isIncomplete></Link></Children><Collision z:Ref="i163"/><Inertial z:Ref="i137"/><Joint z:Ref="i170"/><NameAttribute z:Ref="i136"/><Parent z:Ref="i68"/><STLQualityFine>false</STLQualityFine><SWComponentPIDs xmlns:a="http://schemas.microsoft.com/2003/10/Serialization/Arrays"><a:base64Binary>sDYAAAUAAAD//v9swoEwADEAXwB2ADAALgAxAC4ANAAtADEAQACpgHNRgoJfAHYAMAAuADEALgA0AC8AMwBEAC0ARQBBADIAOABTADAANgBDAC0AMgBAAMKBMAAxAF8AdgAwAC4AMQAuADQALwAzAEQALQBFAEEAMgA4AFMAMAA2AEMALgBzAHQAcAAtADEAQAAzAEQALQBFAEEAMgA4AFMAMAA2AEMALwBwAGwAdQBnAGUAcgA4AC4AcwB0AHAALQAxAEAAMwBEAC0ARQBBADIAOABTADAANgBDAC4AcwB0AHAABAAAABAAAAABAAAABAAAAIsAAACNBwAAGQAAABYAAAA=</a:base64Binary><a:base64Binary>sDYAAAUAAAD//v8zwoEwADEAXwB2ADAALgAxAC4ANAAtADEAQACpgHNRgoJfAHYAMAAuADEALgA0AC8A/FsRVHSPV1lfADAANABfAHYAMAAuADEALgA0AC0ANABAAMKBMAAxAF8AdgAwAC4AMQAuADQABAAAABAAAAABAAAAAgAAAIsAAABRBwAA</a:base64Binary><a:base64Binary>sDYAAAUAAAD//v8ywoEwADEAXwB2ADAALgAxAC4ANAAtADEAQACpgHNRgoJfAHYAMAAuADEALgA0AC8A/FsRVG6PXwAwADEAXwB2ADAALgAxAC4ANAAtADgAQADCgTAAMQBfAHYAMAAuADEALgA0AAQAAAAQAAAAAQAAAAIAAACLAAAAHQcAAA==</a:base64Binary><a:base64Binary>sDYAAAUAAAD//v8zwoEwADEAXwB2ADAALgAxAC4ANAAtADEAQACpgHNRgoJfAHYAMAAuADEALgA0AC8A/FsRVG6PdI9fADAANABfAHYAMAAuADEALgA0AC0AMQBAAMKBMAAxAF8AdgAwAC4AMQAuADQABAAAABAAAAABAAAAAgAAAIsAAAAMBwAA</a:base64Binary><a:base64Binary>sDYAAAUAAAD//v8ywoEwADEAXwB2ADAALgAxAC4ANAAtADEAQACpgHNRgoJfAHYAMAAuADEALgA0AC8A/FsRVG6PXwAwADEAXwB2ADAALgAxAC4ANAAtADcAQADCgTAAMQBfAHYAMAAuADEALgA0AAQAAAAQAAAAAQAAAAIAAACLAAAABgcAAA==</a:base64Binary><a:base64Binary>sDYAAAUAAAD//v8zwoEwADEAXwB2ADAALgAxAC4ANAAtADEAQACpgHNRgoJfAHYAMAAuADEALgA0AC8A/FsRVHSPV1lfADAANABfAHYAMAAuADEALgA0AC0ANQBAAMKBMAAxAF8AdgAwAC4AMQAuADQABAAAABAAAAABAAAAAgAAAIsAAABgBwAA</a:base64Binary><a:base64Binary>sDYAAAUAAAD//v85woEwADEAXwB2ADAALgAxAC4ANAAtADEAQACpgHNRgoJfAHYAMAAuADEALgA0AC8ARwBCAA//VAAyADcANgAtADkANADxbZ9sA3R0j39iNgAxADkAD/80AC0AOABAAMKBMAAxAF8AdgAwAC4AMQAuADQABAAAABAAAAABAAAAAgAAAIsAAAAeBwAA</a:base64Binary><a:base64Binary>sDYAAAUAAAD//v85woEwADEAXwB2ADAALgAxAC4ANAAtADEAQACpgHNRgoJfAHYAMAAuADEALgA0AC8ARwBCAA//VAAyADcANgAtADkANADxbZ9sA3R0j39iNgAxADkAD/80AC0ANwBAAMKBMAAxAF8AdgAwAC4AMQAuADQABAAAABAAAAABAAAAAgAAAIsAAAAHBwAA</a:base64Binary><a:base64Binary>sDYAAAUAAAD//v8zwoEwADEAXwB2ADAALgAxAC4ANAAtADEAQACpgHNRgoJfAHYAMAAuADEALgA0AC8AXJURVGyPpWO2ZzAANgBfAHYAMAAuADEALgA0AC0AMwBAAMKBMAAxAF8AdgAwAC4AMQAuADQABAAAABAAAAABAAAAAgAAAIsAAADxBgAA</a:base64Binary><a:base64Binary>sDYAAAUAAAD//v8hRwBCAA//VAAyADcANgAtADkANADxbZ9sA3R0j39iNgAxADkAD/80AC0AMQBAAKmAc1GCgl8AdgAwAC4AMQAuADQABAAAABAAAAABAAAAAQAAAJkAAAA=</a:base64Binary><a:base64Binary>sDYAAAUAAAD//v8YYVNjYjAAMQBfAHYAMAAuADEALgA0AC0AMgBAAKmAc1GCgl8AdgAwAC4AMQAuADQABAAAABAAAAABAAAAAQAAAGoAAAA=</a:base64Binary><a:base64Binary>sDYAAAUAAAD//v8YYVNjYjAAMQBfAHYAMAAuADEALgA0AC0AMQBAAKmAc1GCgl8AdgAwAC4AMQAuADQABAAAABAAAAABAAAAAQAAAGQAAAA=</a:base64Binary><a:base64Binary>sDYAAAUAAAD//v8a/FsRVG6PXwAwADEAXwB2ADAALgAxAC4ANAAtADEAQACpgHNRgoJfAHYAMAAuADEALgA0AAQAAAAQAAAAAQAAAAEAAACYAAAA</a:base64Binary><a:base64Binary>sDYAAAUAAAD//v8a/FsRVG6PXwAwADEAXwB2ADAALgAxAC4ANAAtADIAQACpgHNRgoJfAHYAMAAuADEALgA0AAQAAAAQAAAAAQAAAAEAAACuAAAA</a:base64Binary><a:base64Binary>sDYAAAUAAAD//v8b/FsRVHSPV1lfADAAMQBfAHYAMAAuADEALgA0AC0AMgBAAKmAc1GCgl8AdgAwAC4AMQAuADQABAAAABAAAAABAAAAAQAAAMgAAAA=</a:base64Binary><a:base64Binary>sDYAAAUAAAD//v8b/FsRVG6PdI9fADAAMQBfAHYAMAAuADEALgA0AC0AMQBAAKmAc1GCgl8AdgAwAC4AMQAuADQABAAAABAAAAABAAAAAQAAAJYAAAA=</a:base64Binary><a:base64Binary>sDYAAAUAAAD//v8b/FsRVHSPV1lfADAAMQBfAHYAMAAuADEALgA0AC0AMQBAAKmAc1GCgl8AdgAwAC4AMQAuADQABAAAABAAAAABAAAAAQAAAMUAAAA=</a:base64Binary><a:base64Binary>sDYAAAUAAAD//v8wwoEwADEAXwB2ADAALgAxAC4ANAAtADEAQACpgHNRgoJfAHYAMAAuADEALgA0AC8As3ihezAAMgBfAHYAMAAuADEALgA0AC0AMQBAAMKBMAAxAF8AdgAwAC4AMQAuADQABAAAABAAAAABAAAAAgAAAIsAAADLBAAA</a:base64Binary><a:base64Binary>sDYAAAUAAAD//v8xwoEwADEAXwB2ADAALgAxAC4ANAAtADEAQACpgHNRgoJfAHYAMAAuADEALgA0AC8AbI+lY7ZnMAA2AF8AdgAwAC4AMQAuADQALQAyAEAAwoEwADEAXwB2ADAALgAxAC4ANAAEAAAAEAAAAAEAAAACAAAAiwAAAO8GAAA=</a:base64Binary><a:base64Binary>sDYAAAUAAAD//v8wwoEwADEAXwB2ADAALgAxAC4ANAAtADEAQACpgHNRgoJfAHYAMAAuADEALgA0AC8AMwBEAC0ARQBBADIAOABTADAANgBDAC0AMgBAAMKBMAAxAF8AdgAwAC4AMQAuADQABAAAABAAAAABAAAAAgAAAIsAAACNBwAA</a:base64Binary><a:base64Binary>sDYAAAUAAAD//v81woEwADEAXwB2ADAALgAxAC4ANAAtADEAQACpgHNRgoJfAHYAMAAuADEALgA0AC8AMQAyADgAWgBaACgAOAAtADEAMgAtADMALgA1ACkARgAtADUAQADCgTAAMQBfAHYAMAAuADEALgA0AAQAAAAQAAAAAQAAAAIAAACLAAAASAcAAA==</a:base64Binary><a:base64Binary>sDYAAAUAAAD//v81woEwADEAXwB2ADAALgAxAC4ANAAtADEAQACpgHNRgoJfAHYAMAAuADEALgA0AC8AMQAyADgAWgBaACgAOAAtADEAMgAtADMALgA1ACkARgAtADQAQADCgTAAMQBfAHYAMAAuADEALgA0AAQAAAAQAAAAAQAAAAIAAACLAAAAMQcAAA==</a:base64Binary><a:base64Binary>sDYAAAUAAAD//v8vwoEwADEAXwB2ADAALgAxAC4ANAAtADEAQACpgHNRgoJfAHYAMAAuADEALgA0AC8AdI8wADkAXwB2ADAALgAxAC4ANAAtADEAQADCgTAAMQBfAHYAMAAuADEALgA0AAQAAAAQAAAAAQAAAAIAAACLAAAAAQcAAA==</a:base64Binary></SWComponentPIDs><SWMainComponentPID i:nil="true"/><Visual z:Ref="i150"/><isFixedFrame>false</isFixedFrame><isIncomplete>false</isIncomplete></Link></Children><Collision z:Ref="i96"/><Inertial z:Ref="i70"/><Joint z:Ref="i103"/><NameAttribute z:Ref="i69"/><Parent z:Ref="i1"/><STLQualityFine>false</STLQualityFine><SWComponentPIDs xmlns:a="http://schemas.microsoft.com/2003/10/Serialization/Arrays"><a:base64Binary>sDYAAAUAAAD//v8XdI8wADEAXwB2ADAALgAxAC4ANAAtADEAQACpgHNRgoJfAHYAMAAuADEALgA0AAQAAAAQAAAAAQAAAAEAAAAaAAAA</a:base64Binary><a:base64Binary>sDYAAAUAAAD//v8YNXU6Zy9ltmdfAHYAMAAuADEALgA0AC0AMQBAAKmAc1GCgl8AdgAwAC4AMQAuADQABAAAABAAAAABAAAAAQAAADsAAAA=</a:base64Binary><a:base64Binary>sDYAAAUAAAD//v8Y1X6/fm6PMABfAHYAMAAuADEALgA0AC0AMQBAAKmAc1GCgl8AdgAwAC4AMQAuADQABAAAABAAAAABAAAAAQAAAEgAAAA=</a:base64Binary><a:base64Binary>sDYAAAUAAAD//v8Y1X6/fm6PMABfAHYAMAAuADEALgA0AC0AMgBAAKmAc1GCgl8AdgAwAC4AMQAuADQABAAAABAAAAABAAAAAQAAAEoAAAA=</a:base64Binary><a:base64Binary>sDYAAAUAAAD//v8dNgA3ADAAMgAtAFoAWgAoADEANQAtADIAMQAtADQAKQAtADEAQACpgHNRgoJfAHYAMAAuADEALgA0AAQAAAAQAAAAAQAAAAEAAABNAAAA</a:base64Binary><a:base64Binary>sDYAAAUAAAD//v8dNgA3ADAAMgAtAFoAWgAoADEANQAtADIAMQAtADQAKQAtADIAQACpgHNRgoJfAHYAMAAuADEALgA0AAQAAAAQAAAAAQAAAAEAAABQAAAA</a:base64Binary><a:base64Binary>sDYAAAUAAAD//v8ZNXU6Z3SPMAAxAF8AdgAwAC4AMQAuADQALQAxAEAAqYBzUYKCXwB2ADAALgAxAC4ANAAEAAAAEAAAAAEAAAABAAAAWgAAAA==</a:base64Binary><a:base64Binary>sDYAAAUAAAD//v8ZNXU6Z3SPMAAxAF8AdgAwAC4AMQAuADQALQAyAEAAqYBzUYKCXwB2ADAALgAxAC4ANAAEAAAAEAAAAAEAAAABAAAAbAAAAA==</a:base64Binary><a:base64Binary>sDYAAAUAAAD//v8cSgBIADEANwAtADEAMAAxAHNRgoIhasR+XwAWWdFTLQAyAEAAqYBzUYKCXwB2ADAALgAxAC4ANAAEAAAAEAAAAAEAAAABAAAA0AMAAA==</a:base64Binary><a:base64Binary>sDYAAAUAAAD//v8cSgBIADEANwAtADEAMAAxAHNRgoIhasR+XwAWWdFTLQAxAEAAqYBzUYKCXwB2ADAALgAxAC4ANAAEAAAAEAAAAAEAAAABAAAAbwMAAA==</a:base64Binary><a:base64Binary>sDYAAAUAAAD//v8fNgA4ADEANgAtAFoAWgAoADgAMAAtADEAMAAwAC0AMQAwACkALQAyAEAAqYBzUYKCXwB2ADAALgAxAC4ANAAEAAAAEAAAAAEAAAABAAAA1AMAAA==</a:base64Binary><a:base64Binary>sDYAAAUAAAD//v8fNgA4ADEANgAtAFoAWgAoADgAMAAtADEAMAAwAC0AMQAwACkALQAxAEAAqYBzUYKCXwB2ADAALgAxAC4ANAAEAAAAEAAAAAEAAAABAAAAsgMAAA==</a:base64Binary></SWComponentPIDs><SWMainComponentPID i:nil="true"/><Visual z:Ref="i83"/><isFixedFrame>false</isFixedFrame><isIncomplete>false</isIncomplete></Link></Children><Collision z:Ref="i29"/><Inertial z:Ref="i3"/><Joint z:Ref="i36"/><NameAttribute z:Ref="i2"/><Parent i:nil="true"/><STLQualityFine>false</STLQualityFine><SWComponentPIDs xmlns:a="http://schemas.microsoft.com/2003/10/Serialization/Arrays"><a:base64Binary>sDYAAAUAAAD//v8ZNXU6Z7ZnMAAxAF8AdgAwAC4AMQAuADQALQAxAEAAqYBzUYKCXwB2ADAALgAxAC4ANAAEAAAAEAAAAAEAAAABAAAAGQAAAA==</a:base64Binary><a:base64Binary>sDYAAAUAAAD//v8eNXU6Z/pWmlvej6Vj9k5fADAAMQBfAHYAMAAuADEALgA0AC0AMgBAAKmAc1GCgl8AdgAwAC4AMQAuADQABAAAABAAAAABAAAAAQAAAAcBAAA=</a:base64Binary><a:base64Binary>sDYAAAUAAAD//v8cSgBIADEANAAtADEAMAAxAHNRgoIhasR+XwAWWdFTLQAzAEAAqYBzUYKCXwB2ADAALgAxAC4ANAAEAAAAEAAAAAEAAAABAAAA3QAAAA==</a:base64Binary></SWComponentPIDs><SWMainComponentPID i:nil="true"/><Visual z:Ref="i16"/><isFixedFrame>false</isFixedFrame><isIncomplete>false</isIncomplete></Link>
2026-04-02 21:42:11,583 INFO  LinkNode.cs: 35 - Building node base
2026-04-02 21:42:11,586 INFO  LinkNode.cs: 35 - Building node Link1
2026-04-02 21:42:11,586 INFO  LinkNode.cs: 35 - Building node Link2
2026-04-02 21:42:11,587 INFO  LinkNode.cs: 35 - Building node Link3
2026-04-02 21:42:11,588 INFO  CommonSwOperations.cs: 221 - Loading SolidWorks components for base from E:\project\250924_ARM\0.1.4\¼ç¹Ø½Ú_v0.1.4.SLDASM
2026-04-02 21:42:11,590 INFO  CommonSwOperations.cs: 245 - Loading component with PID ?6     ???5u:g?g0 1 _ v 0 . 1 . 4 - 1 @ ??sQ??_ v 0 . 1 . 4                
2026-04-02 21:42:11,594 INFO  CommonSwOperations.cs: 254 - Successfully loaded component E:\project\250924_ARM\0.1.4\µç»ú¼Ü01_v0.1.4.SLDPRT
2026-04-02 21:42:11,595 INFO  CommonSwOperations.cs: 245 - Loading component with PID ?6     ???5u:g?V?[???c?N_ 0 1 _ v 0 . 1 . 4 - 2 @ ??sQ??_ v 0 . 1 . 4               
2026-04-02 21:42:11,595 INFO  CommonSwOperations.cs: 254 - Successfully loaded component E:\project\250924_ARM\0.1.4\µç»ú¹Ì¶¨Á¬½Ó¼þ_01_v0.1.4.SLDPRT
2026-04-02 21:42:11,596 INFO  CommonSwOperations.cs: 245 - Loading component with PID ?6     ???J H 1 4 - 1 0 1 sQ??!j?~_ Y?S- 3 @ ??sQ??_ v 0 . 1 . 4             ?   
2026-04-02 21:42:11,597 INFO  CommonSwOperations.cs: 254 - Successfully loaded component E:\project\250924_ARM\0.1.4\JH14-101¹Ø½ÚÄ£×é_Íâ·¢.SLDPRT
2026-04-02 21:42:11,597 INFO  CommonSwOperations.cs: 230 - Loaded 3 components for link base
2026-04-02 21:42:11,598 INFO  CommonSwOperations.cs: 221 - Loading SolidWorks components for Link1 from E:\project\250924_ARM\0.1.4\¼ç¹Ø½Ú_v0.1.4.SLDASM
2026-04-02 21:42:11,599 INFO  CommonSwOperations.cs: 245 - Loading component with PID ?6     ???t?0 1 _ v 0 . 1 . 4 - 1 @ ??sQ??_ v 0 . 1 . 4                
2026-04-02 21:42:11,599 INFO  CommonSwOperations.cs: 254 - Successfully loaded component E:\project\250924_ARM\0.1.4\Öá01_v0.1.4.SLDPRT
2026-04-02 21:42:11,600 INFO  CommonSwOperations.cs: 245 - Loading component with PID ?6     ???5u:g/e?g_ v 0 . 1 . 4 - 1 @ ??sQ??_ v 0 . 1 . 4             ;   
2026-04-02 21:42:11,600 INFO  CommonSwOperations.cs: 254 - Successfully loaded component E:\project\250924_ARM\0.1.4\µç»úÖ§¼Ü_v0.1.4.SLDPRT
2026-04-02 21:42:11,601 INFO  CommonSwOperations.cs: 245 - Loading component with PID ?6     ????~?~n?0 _ v 0 . 1 . 4 - 1 @ ??sQ??_ v 0 . 1 . 4             H   
2026-04-02 21:42:11,601 INFO  CommonSwOperations.cs: 254 - Successfully loaded component E:\project\250924_ARM\0.1.4\ÈÆÏßÂÖ0_v0.1.4.SLDPRT
2026-04-02 21:42:11,602 INFO  CommonSwOperations.cs: 245 - Loading component with PID ?6     ????~?~n?0 _ v 0 . 1 . 4 - 2 @ ??sQ??_ v 0 . 1 . 4             J   
2026-04-02 21:42:11,602 INFO  CommonSwOperations.cs: 254 - Successfully loaded component E:\project\250924_ARM\0.1.4\ÈÆÏßÂÖ0_v0.1.4.SLDPRT
2026-04-02 21:42:11,603 INFO  CommonSwOperations.cs: 245 - Loading component with PID ?6     ???6 7 0 2 - Z Z ( 1 5 - 2 1 - 4 ) - 1 @ ??sQ??_ v 0 . 1 . 4             M   
2026-04-02 21:42:11,604 INFO  CommonSwOperations.cs: 254 - Successfully loaded component E:\project\250924_ARM\0.1.4\6702-ZZ(15-21-4).SLDPRT
2026-04-02 21:42:11,604 INFO  CommonSwOperations.cs: 245 - Loading component with PID ?6     ???6 7 0 2 - Z Z ( 1 5 - 2 1 - 4 ) - 2 @ ??sQ??_ v 0 . 1 . 4             P   
2026-04-02 21:42:11,605 INFO  CommonSwOperations.cs: 254 - Successfully loaded component E:\project\250924_ARM\0.1.4\6702-ZZ(15-21-4).SLDPRT
2026-04-02 21:42:11,605 INFO  CommonSwOperations.cs: 245 - Loading component with PID ?6     ???5u:gt?0 1 _ v 0 . 1 . 4 - 1 @ ??sQ??_ v 0 . 1 . 4             Z   
2026-04-02 21:42:11,606 INFO  CommonSwOperations.cs: 254 - Successfully loaded component E:\project\250924_ARM\0.1.4\µç»úÖá01_v0.1.4.SLDPRT
2026-04-02 21:42:11,606 INFO  CommonSwOperations.cs: 245 - Loading component with PID ?6     ???5u:gt?0 1 _ v 0 . 1 . 4 - 2 @ ??sQ??_ v 0 . 1 . 4             l   
2026-04-02 21:42:11,606 INFO  CommonSwOperations.cs: 254 - Successfully loaded component E:\project\250924_ARM\0.1.4\µç»úÖá01_v0.1.4.SLDPRT
2026-04-02 21:42:11,607 INFO  CommonSwOperations.cs: 245 - Loading component with PID ?6     ???J H 1 7 - 1 0 1 sQ??!j?~_ Y?S- 2 @ ??sQ??_ v 0 . 1 . 4             ?  
2026-04-02 21:42:11,607 INFO  CommonSwOperations.cs: 254 - Successfully loaded component E:\project\250924_ARM\µç»úÑ¡ÐÍ\JH17-101¹Ø½ÚÄ£×é_Íâ·¢.SLDPRT
2026-04-02 21:42:11,608 INFO  CommonSwOperations.cs: 245 - Loading component with PID ?6     ???J H 1 7 - 1 0 1 sQ??!j?~_ Y?S- 1 @ ??sQ??_ v 0 . 1 . 4             o  
2026-04-02 21:42:11,609 INFO  CommonSwOperations.cs: 254 - Successfully loaded component E:\project\250924_ARM\µç»úÑ¡ÐÍ\JH17-101¹Ø½ÚÄ£×é_Íâ·¢.SLDPRT
2026-04-02 21:42:11,610 INFO  CommonSwOperations.cs: 245 - Loading component with PID ?6     ???6 8 1 6 - Z Z ( 8 0 - 1 0 0 - 1 0 ) - 2 @ ??sQ??_ v 0 . 1 . 4             ?  
2026-04-02 21:42:11,610 INFO  CommonSwOperations.cs: 254 - Successfully loaded component E:\project\250924_ARM\0.1.4\6816-ZZ(80-100-10).SLDPRT
2026-04-02 21:42:11,611 INFO  CommonSwOperations.cs: 245 - Loading component with PID ?6     ???6 8 1 6 - Z Z ( 8 0 - 1 0 0 - 1 0 ) - 1 @ ??sQ??_ v 0 . 1 . 4             ?  
2026-04-02 21:42:11,611 INFO  CommonSwOperations.cs: 254 - Successfully loaded component E:\project\250924_ARM\0.1.4\6816-ZZ(80-100-10).SLDPRT
2026-04-02 21:42:11,612 INFO  CommonSwOperations.cs: 230 - Loaded 12 components for link Link1
2026-04-02 21:42:11,612 INFO  CommonSwOperations.cs: 221 - Loading SolidWorks components for Link2 from E:\project\250924_ARM\0.1.4\¼ç¹Ø½Ú_v0.1.4.SLDASM
2026-04-02 21:42:11,613 INFO  CommonSwOperations.cs: 245 - Loading component with PID ?6     ???l??0 1 _ v 0 . 1 . 4 - 1 @ ??sQ??_ v 0 . 1 . 4 / 3 D - E A 2 8 S 0 6 C - 2 @ ??0 1 _ v 0 . 1 . 4 / 3 D - E A 2 8 S 0 6 C . s t p - 1 @ 3 D - E A 2 8 S 0 6 C / p l u g e r 8 . s t p - 1 @ 3 D - E A 2 8 S 0 6 C . s t p             ?   ?        
2026-04-02 21:42:11,613 INFO  CommonSwOperations.cs: 254 - Successfully loaded component C:\Users\Lenovo\AppData\Local\Temp\swx69164\IC~~\pluger8.stp.SLDPRT
2026-04-02 21:42:11,614 INFO  CommonSwOperations.cs: 245 - Loading component with PID ?6     ???3??0 1 _ v 0 . 1 . 4 - 1 @ ??sQ??_ v 0 . 1 . 4 / ?[Tt?WY_ 0 4 _ v 0 . 1 . 4 - 4 @ ??0 1 _ v 0 . 1 . 4             ?   Q  
2026-04-02 21:42:11,614 INFO  CommonSwOperations.cs: 254 - Successfully loaded component E:\project\250924_ARM\0.1.4\µ¼ÏòÖáÌ×_04_v0.1.4.SLDPRT
2026-04-02 21:42:11,615 INFO  CommonSwOperations.cs: 245 - Loading component with PID ?6     ???2??0 1 _ v 0 . 1 . 4 - 1 @ ??sQ??_ v 0 . 1 . 4 / ?[Tn?_ 0 1 _ v 0 . 1 . 4 - 8 @ ??0 1 _ v 0 . 1 . 4             ?     
2026-04-02 21:42:11,615 INFO  CommonSwOperations.cs: 254 - Successfully loaded component E:\project\250924_ARM\0.1.4\µ¼ÏòÂÖ_01_v0.1.4.SLDPRT
2026-04-02 21:42:11,616 INFO  CommonSwOperations.cs: 245 - Loading component with PID ?6     ???3??0 1 _ v 0 . 1 . 4 - 1 @ ??sQ??_ v 0 . 1 . 4 / ?[Tn?t?_ 0 4 _ v 0 . 1 . 4 - 1 @ ??0 1 _ v 0 . 1 . 4             ?     
2026-04-02 21:42:11,616 INFO  CommonSwOperations.cs: 254 - Successfully loaded component E:\project\250924_ARM\0.1.4\µ¼ÏòÂÖÖá_04_v0.1.4.SLDPRT
2026-04-02 21:42:11,617 INFO  CommonSwOperations.cs: 245 - Loading component with PID ?6     ???2??0 1 _ v 0 . 1 . 4 - 1 @ ??sQ??_ v 0 . 1 . 4 / ?[Tn?_ 0 1 _ v 0 . 1 . 4 - 7 @ ??0 1 _ v 0 . 1 . 4             ?     
2026-04-02 21:42:11,618 INFO  CommonSwOperations.cs: 254 - Successfully loaded component E:\project\250924_ARM\0.1.4\µ¼ÏòÂÖ_01_v0.1.4.SLDPRT
2026-04-02 21:42:11,619 INFO  CommonSwOperations.cs: 245 - Loading component with PID ?6     ???3??0 1 _ v 0 . 1 . 4 - 1 @ ??sQ??_ v 0 . 1 . 4 / ?[Tt?WY_ 0 4 _ v 0 . 1 . 4 - 5 @ ??0 1 _ v 0 . 1 . 4             ?   `  
2026-04-02 21:42:11,619 INFO  CommonSwOperations.cs: 254 - Successfully loaded component E:\project\250924_ARM\0.1.4\µ¼ÏòÖáÌ×_04_v0.1.4.SLDPRT
2026-04-02 21:42:11,620 INFO  CommonSwOperations.cs: 245 - Loading component with PID ?6     ???9??0 1 _ v 0 . 1 . 4 - 1 @ ??sQ??_ v 0 . 1 . 4 / G B ?T 2 7 6 - 9 4 ?m?ltt?b6 1 9 ?4 - 8 @ ??0 1 _ v 0 . 1 . 4             ?     
2026-04-02 21:42:11,620 INFO  CommonSwOperations.cs: 254 - Successfully loaded component E:\project\250924_ARM\0.1.4\GB£¯T276-94Éî¹µÇòÖá³Ð619£¯4.SLDPRT
2026-04-02 21:42:11,621 INFO  CommonSwOperations.cs: 245 - Loading component with PID ?6     ???9??0 1 _ v 0 . 1 . 4 - 1 @ ??sQ??_ v 0 . 1 . 4 / G B ?T 2 7 6 - 9 4 ?m?ltt?b6 1 9 ?4 - 7 @ ??0 1 _ v 0 . 1 . 4             ?     
2026-04-02 21:42:11,621 INFO  CommonSwOperations.cs: 254 - Successfully loaded component E:\project\250924_ARM\0.1.4\GB£¯T276-94Éî¹µÇòÖá³Ð619£¯4.SLDPRT
2026-04-02 21:42:11,627 INFO  CommonSwOperations.cs: 245 - Loading component with PID ?6     ???3??0 1 _ v 0 . 1 . 4 - 1 @ ??sQ??_ v 0 . 1 . 4 / \?Tl??c?g0 6 _ v 0 . 1 . 4 - 3 @ ??0 1 _ v 0 . 1 . 4             ?   ?  
2026-04-02 21:42:11,748 INFO  CommonSwOperations.cs: 254 - Successfully loaded component E:\project\250924_ARM\0.1.4\¾µÏò×ª½Ó¼Ü06_v0.1.4.SLDPRT
2026-04-02 21:42:11,749 INFO  CommonSwOperations.cs: 245 - Loading component with PID ?6     ???!G B ?T 2 7 6 - 9 4 ?m?ltt?b6 1 9 ?4 - 1 @ ??sQ??_ v 0 . 1 . 4             ?   
2026-04-02 21:42:11,750 INFO  CommonSwOperations.cs: 254 - Successfully loaded component E:\project\250924_ARM\0.1.4\GB£¯T276-94Éî¹µÇòÖá³Ð619£¯4.SLDPRT
2026-04-02 21:42:11,750 INFO  CommonSwOperations.cs: 245 - Loading component with PID ?6     ???aScb0 1 _ v 0 . 1 . 4 - 2 @ ??sQ??_ v 0 . 1 . 4             j   
2026-04-02 21:42:11,751 INFO  CommonSwOperations.cs: 254 - Successfully loaded component E:\project\250924_ARM\0.1.4\¿¨¿Û01_v0.1.4.SLDPRT
2026-04-02 21:42:11,752 INFO  CommonSwOperations.cs: 245 - Loading component with PID ?6     ???aScb0 1 _ v 0 . 1 . 4 - 1 @ ??sQ??_ v 0 . 1 . 4             d   
2026-04-02 21:42:11,752 INFO  CommonSwOperations.cs: 254 - Successfully loaded component E:\project\250924_ARM\0.1.4\¿¨¿Û01_v0.1.4.SLDPRT
2026-04-02 21:42:11,753 INFO  CommonSwOperations.cs: 245 - Loading component with PID ?6     ????[Tn?_ 0 1 _ v 0 . 1 . 4 - 1 @ ??sQ??_ v 0 . 1 . 4             ?   
2026-04-02 21:42:11,753 INFO  CommonSwOperations.cs: 254 - Successfully loaded component E:\project\250924_ARM\0.1.4\µ¼ÏòÂÖ_01_v0.1.4.SLDPRT
2026-04-02 21:42:11,754 INFO  CommonSwOperations.cs: 245 - Loading component with PID ?6     ????[Tn?_ 0 1 _ v 0 . 1 . 4 - 2 @ ??sQ??_ v 0 . 1 . 4             ?   
2026-04-02 21:42:11,754 INFO  CommonSwOperations.cs: 254 - Successfully loaded component E:\project\250924_ARM\0.1.4\µ¼ÏòÂÖ_01_v0.1.4.SLDPRT
2026-04-02 21:42:11,755 INFO  CommonSwOperations.cs: 245 - Loading component with PID ?6     ????[Tt?WY_ 0 1 _ v 0 . 1 . 4 - 2 @ ??sQ??_ v 0 . 1 . 4             ?   
2026-04-02 21:42:11,756 INFO  CommonSwOperations.cs: 254 - Successfully loaded component E:\project\250924_ARM\0.1.4\µ¼ÏòÖáÌ×_01_v0.1.4.SLDPRT
2026-04-02 21:42:11,756 INFO  CommonSwOperations.cs: 245 - Loading component with PID ?6     ????[Tn?t?_ 0 1 _ v 0 . 1 . 4 - 1 @ ??sQ??_ v 0 . 1 . 4             ?   
2026-04-02 21:42:11,757 INFO  CommonSwOperations.cs: 254 - Successfully loaded component E:\project\250924_ARM\0.1.4\µ¼ÏòÂÖÖá_01_v0.1.4.SLDPRT
2026-04-02 21:42:11,757 INFO  CommonSwOperations.cs: 245 - Loading component with PID ?6     ????[Tt?WY_ 0 1 _ v 0 . 1 . 4 - 1 @ ??sQ??_ v 0 . 1 . 4             ?   
2026-04-02 21:42:11,758 INFO  CommonSwOperations.cs: 254 - Successfully loaded component E:\project\250924_ARM\0.1.4\µ¼ÏòÖáÌ×_01_v0.1.4.SLDPRT
2026-04-02 21:42:11,758 INFO  CommonSwOperations.cs: 245 - Loading component with PID ?6     ???0??0 1 _ v 0 . 1 . 4 - 1 @ ??sQ??_ v 0 . 1 . 4 / ?x?{0 2 _ v 0 . 1 . 4 - 1 @ ??0 1 _ v 0 . 1 . 4             ?   ?  
2026-04-02 21:42:11,759 INFO  CommonSwOperations.cs: 254 - Successfully loaded component E:\project\250924_ARM\0.1.4\Ì¼¹Ü02_v0.1.4.SLDPRT
2026-04-02 21:42:11,759 INFO  CommonSwOperations.cs: 245 - Loading component with PID ?6     ???1??0 1 _ v 0 . 1 . 4 - 1 @ ??sQ??_ v 0 . 1 . 4 / l??c?g0 6 _ v 0 . 1 . 4 - 2 @ ??0 1 _ v 0 . 1 . 4             ?   ?  
2026-04-02 21:42:11,760 INFO  CommonSwOperations.cs: 254 - Successfully loaded component E:\project\250924_ARM\0.1.4\×ª½Ó¼Ü06_v0.1.4.SLDPRT
2026-04-02 21:42:11,760 INFO  CommonSwOperations.cs: 245 - Loading component with PID ?6     ???0??0 1 _ v 0 . 1 . 4 - 1 @ ??sQ??_ v 0 . 1 . 4 / 3 D - E A 2 8 S 0 6 C - 2 @ ??0 1 _ v 0 . 1 . 4             ?   ?  
2026-04-02 21:42:11,761 INFO  CommonSwOperations.cs: 254 - Successfully loaded component E:\project\250924_ARM\0.1.4\3D-EA28S06C.SLDASM
2026-04-02 21:42:11,761 INFO  CommonSwOperations.cs: 245 - Loading component with PID ?6     ???5??0 1 _ v 0 . 1 . 4 - 1 @ ??sQ??_ v 0 . 1 . 4 / 1 2 8 Z Z ( 8 - 1 2 - 3 . 5 ) F - 5 @ ??0 1 _ v 0 . 1 . 4             ?   H  
2026-04-02 21:42:11,762 INFO  CommonSwOperations.cs: 254 - Successfully loaded component E:\project\250924_ARM\0.1.4\128ZZ(8-12-3.5)F.SLDPRT
2026-04-02 21:42:11,762 INFO  CommonSwOperations.cs: 245 - Loading component with PID ?6     ???5??0 1 _ v 0 . 1 . 4 - 1 @ ??sQ??_ v 0 . 1 . 4 / 1 2 8 Z Z ( 8 - 1 2 - 3 . 5 ) F - 4 @ ??0 1 _ v 0 . 1 . 4             ?   1  
2026-04-02 21:42:11,763 INFO  CommonSwOperations.cs: 254 - Successfully loaded component E:\project\250924_ARM\0.1.4\128ZZ(8-12-3.5)F.SLDPRT
2026-04-02 21:42:11,763 INFO  CommonSwOperations.cs: 245 - Loading component with PID ?6     ???/??0 1 _ v 0 . 1 . 4 - 1 @ ??sQ??_ v 0 . 1 . 4 / t?0 9 _ v 0 . 1 . 4 - 1 @ ??0 1 _ v 0 . 1 . 4             ?     
2026-04-02 21:42:11,764 INFO  CommonSwOperations.cs: 254 - Successfully loaded component E:\project\250924_ARM\0.1.4\Öá09_v0.1.4.SLDPRT
2026-04-02 21:42:11,764 INFO  CommonSwOperations.cs: 230 - Loaded 23 components for link Link2
2026-04-02 21:42:11,765 INFO  CommonSwOperations.cs: 221 - Loading SolidWorks components for Link3 from E:\project\250924_ARM\0.1.4\¼ç¹Ø½Ú_v0.1.4.SLDASM
2026-04-02 21:42:11,765 INFO  CommonSwOperations.cs: 245 - Loading component with PID ?6     ???/??0 1 _ v 0 . 1 . 4 - 1 @ ??sQ??_ v 0 . 1 . 4 / +g?zn?_ v 0 . 1 . 4 - 2 @ ??0 1 _ v 0 . 1 . 4             ?   ?  
2026-04-02 21:42:11,767 INFO  CommonSwOperations.cs: 254 - Successfully loaded component E:\project\250924_ARM\0.1.4\Ä©¶ËÂÖ_v0.1.4.SLDPRT
2026-04-02 21:42:11,767 INFO  CommonSwOperations.cs: 245 - Loading component with PID ?6     ???0??0 1 _ v 0 . 1 . 4 - 1 @ ??sQ??_ v 0 . 1 . 4 / t?WY0 1 _ v 0 . 1 . 4 - 2 @ ??0 1 _ v 0 . 1 . 4             ?   F  
2026-04-02 21:42:11,768 INFO  CommonSwOperations.cs: 254 - Successfully loaded component E:\project\250924_ARM\0.1.4\ÖáÌ×01_v0.1.4.SLDPRT
2026-04-02 21:42:11,768 INFO  CommonSwOperations.cs: 245 - Loading component with PID ?6     ???1??0 1 _ v 0 . 1 . 4 - 1 @ ??sQ??_ v 0 . 1 . 4 / l??c?g0 9 _ v 0 . 1 . 4 - 2 @ ??0 1 _ v 0 . 1 . 4             ?   ?  
2026-04-02 21:42:11,769 INFO  CommonSwOperations.cs: 254 - Successfully loaded component E:\project\250924_ARM\0.1.4\×ª½Ó¼Ü09_v0.1.4.SLDPRT
2026-04-02 21:42:11,769 INFO  CommonSwOperations.cs: 245 - Loading component with PID ?6     ???0??0 1 _ v 0 . 1 . 4 - 1 @ ??sQ??_ v 0 . 1 . 4 / t?WY0 1 _ v 0 . 1 . 4 - 1 @ ??0 1 _ v 0 . 1 . 4             ?   7  
2026-04-02 21:42:11,770 INFO  CommonSwOperations.cs: 254 - Successfully loaded component E:\project\250924_ARM\0.1.4\ÖáÌ×01_v0.1.4.SLDPRT
2026-04-02 21:42:11,770 INFO  CommonSwOperations.cs: 245 - Loading component with PID ?6     ???0??0 1 _ v 0 . 1 . 4 - 1 @ ??sQ??_ v 0 . 1 . 4 / ?x?{0 3 _ v 0 . 1 . 4 - 1 @ ??0 1 _ v 0 . 1 . 4             ?   l  
2026-04-02 21:42:11,771 INFO  CommonSwOperations.cs: 254 - Successfully loaded component E:\project\250924_ARM\0.1.4\Ì¼¹Ü03_v0.1.4.SLDPRT
2026-04-02 21:42:11,772 INFO  CommonSwOperations.cs: 245 - Loading component with PID ?6     ???1??0 1 _ v 0 . 1 . 4 - 1 @ ??sQ??_ v 0 . 1 . 4 / l??c?g0 8 _ v 0 . 1 . 4 - 1 @ ??0 1 _ v 0 . 1 . 4             ?   f  
2026-04-02 21:42:11,772 INFO  CommonSwOperations.cs: 254 - Successfully loaded component E:\project\250924_ARM\0.1.4\×ª½Ó¼Ü08_v0.1.4.SLDPRT
2026-04-02 21:42:11,773 INFO  CommonSwOperations.cs: 245 - Loading component with PID ?6     ???1??0 1 _ v 0 . 1 . 4 - 1 @ ??sQ??_ v 0 . 1 . 4 / l??c?g0 8 _ v 0 . 1 . 4 - 2 @ ??0 1 _ v 0 . 1 . 4             ?   h  
2026-04-02 21:42:11,774 INFO  CommonSwOperations.cs: 254 - Successfully loaded component E:\project\250924_ARM\0.1.4\×ª½Ó¼Ü08_v0.1.4.SLDPRT
2026-04-02 21:42:11,774 INFO  CommonSwOperations.cs: 230 - Loaded 7 components for link Link3
2026-04-02 21:42:11,900 INFO  SwAddin.cs: 344 - Showing property manager
2026-04-02 21:42:25,416 INFO  ExportPropertyManager.cs: 1018 - OnComboboxSelectionChanged called. This method no longer throws an Exception. It just silently does nothing. Ok, except for this logging message
2026-04-02 21:42:34,408 INFO  ExportPropertyManager.cs: 1018 - OnComboboxSelectionChanged called. This method no longer throws an Exception. It just silently does nothing. Ok, except for this logging message
2026-04-02 21:42:37,436 INFO  ExportPropertyManager.cs: 1018 - OnComboboxSelectionChanged called. This method no longer throws an Exception. It just silently does nothing. Ok, except for this logging message
2026-04-02 21:42:40,657 INFO  ExportPropertyManager.cs: 1018 - OnComboboxSelectionChanged called. This method no longer throws an Exception. It just silently does nothing. Ok, except for this logging message
2026-04-02 21:42:47,136 INFO  ExportPropertyManager.cs: 1018 - OnComboboxSelectionChanged called. This method no longer throws an Exception. It just silently does nothing. Ok, except for this logging message
2026-04-02 21:42:48,335 INFO  ExportPropertyManager.cs: 1018 - OnComboboxSelectionChanged called. This method no longer throws an Exception. It just silently does nothing. Ok, except for this logging message
2026-04-02 21:42:50,096 INFO  ExportPropertyManager.cs: 1018 - OnComboboxSelectionChanged called. This method no longer throws an Exception. It just silently does nothing. Ok, except for this logging message
2026-04-02 21:42:55,775 INFO  ExportPropertyManager.cs: 1018 - OnComboboxSelectionChanged called. This method no longer throws an Exception. It just silently does nothing. Ok, except for this logging message
2026-04-02 21:42:57,199 INFO  ExportPropertyManager.cs: 1018 - OnComboboxSelectionChanged called. This method no longer throws an Exception. It just silently does nothing. Ok, except for this logging message
2026-04-02 21:43:01,823 INFO  ExportPropertyManager.cs: 422 - Configuration saved
2026-04-02 21:43:01,832 INFO  ConfigurationSerialization.cs: 276 - URDF Configuration found
<Link z:Id="i1" xmlns="http://schemas.datacontract.org/2004/07/SW2URDF" xmlns:i="http://www.w3.org/2001/XMLSchema-instance" xmlns:z="http://schemas.microsoft.com/2003/10/Serialization/"><Attributes><Attribute z:Id="i2"><AttributeType>name</AttributeType><IsRequired>true</IsRequired><Value i:type="a:string" xmlns:a="http://www.w3.org/2001/XMLSchema">base</Value></Attribute></Attributes><ChildElements><URDFElement z:Id="i3" i:type="Inertial"><Attributes/><ChildElements><URDFElement z:Id="i4" i:type="Origin"><Attributes><Attribute z:Id="i5"><AttributeType>xyz</AttributeType><IsRequired>true</IsRequired><Value i:type="a:ArrayOfdouble" xmlns:a="http://schemas.microsoft.com/2003/10/Serialization/Arrays"><a:double>0.013221637830112409</a:double><a:double>-0.000996198393258107</a:double><a:double>-6.3000813811339471E-05</a:double></Value></Attribute><Attribute z:Id="i6"><AttributeType>rpy</AttributeType><IsRequired>true</IsRequired><Value i:type="a:ArrayOfdouble" xmlns:a="http://schemas.microsoft.com/2003/10/Serialization/Arrays"><a:double>0</a:double><a:double>0</a:double><a:double>0</a:double></Value></Attribute></Attributes><ChildElements/><ElementName>origin</ElementName><required>false</required><RPYAttribute z:Ref="i6"/><XYZAttribute z:Ref="i5"/><isCustomized>false</isCustomized></URDFElement><URDFElement z:Id="i7" i:type="Mass"><Attributes><Attribute z:Id="i8"><AttributeType>value</AttributeType><IsRequired>true</IsRequired><Value i:type="a:double" xmlns:a="http://www.w3.org/2001/XMLSchema">0.53128192095505489</Value></Attribute></Attributes><ChildElements/><ElementName>mass</ElementName><required>false</required><ValueAttribute z:Ref="i8"/></URDFElement><URDFElement z:Id="i9" i:type="Inertia"><Attributes><Attribute z:Id="i10"><AttributeType>ixx</AttributeType><IsRequired>true</IsRequired><Value i:type="a:double" xmlns:a="http://www.w3.org/2001/XMLSchema">0.00049655311227115575</Value></Attribute><Attribute z:Id="i11"><AttributeType>ixy</AttributeType><IsRequired>true</IsRequired><Value i:type="a:double" xmlns:a="http://www.w3.org/2001/XMLSchema">-2.3701256762520261E-06</Value></Attribute><Attribute z:Id="i12"><AttributeType>ixz</AttributeType><IsRequired>true</IsRequired><Value i:type="a:double" xmlns:a="http://www.w3.org/2001/XMLSchema">-6.6271100020447986E-09</Value></Attribute><Attribute z:Id="i13"><AttributeType>iyy</AttributeType><IsRequired>true</IsRequired><Value i:type="a:double" xmlns:a="http://www.w3.org/2001/XMLSchema">0.000718253071215075</Value></Attribute><Attribute z:Id="i14"><AttributeType>iyz</AttributeType><IsRequired>true</IsRequired><Value i:type="a:double" xmlns:a="http://www.w3.org/2001/XMLSchema">-8.9629571509230565E-07</Value></Attribute><Attribute z:Id="i15"><AttributeType>izz</AttributeType><IsRequired>true</IsRequired><Value i:type="a:double" xmlns:a="http://www.w3.org/2001/XMLSchema">0.00053368370295943965</Value></Attribute></Attributes><ChildElements/><ElementName>inertia</ElementName><required>false</required><IxxAttribute z:Ref="i10"/><IxyAttribute z:Ref="i11"/><IxzAttribute z:Ref="i12"/><IyyAttribute z:Ref="i13"/><IyzAttribute z:Ref="i14"/><IzzAttribute z:Ref="i15"/></URDFElement></ChildElements><ElementName>inertial</ElementName><required>false</required><Inertia z:Ref="i9"/><Mass z:Ref="i7"/><Origin z:Ref="i4"/></URDFElement><URDFElement z:Id="i16" i:type="Visual"><Attributes/><ChildElements><URDFElement z:Id="i17" i:type="Origin"><Attributes><Attribute z:Id="i18"><AttributeType>xyz</AttributeType><IsRequired>true</IsRequired><Value i:type="a:ArrayOfdouble" xmlns:a="http://schemas.microsoft.com/2003/10/Serialization/Arrays"><a:double>0</a:double><a:double>0</a:double><a:double>0</a:double></Value></Attribute><Attribute z:Id="i19"><AttributeType>rpy</AttributeType><IsRequired>true</IsRequired><Value i:type="a:ArrayOfdouble" xmlns:a="http://schemas.microsoft.com/2003/10/Serialization/Arrays"><a:double>0</a:double><a:double>0</a:double><a:double>0</a:double></Value></Attribute></Attributes><ChildElements/><ElementName>origin</ElementName><required>false</required><RPYAttribute z:Ref="i19"/><XYZAttribute z:Ref="i18"/><isCustomized>false</isCustomized></URDFElement><URDFElement z:Id="i20" i:type="Geometry"><Attributes/><ChildElements><URDFElement z:Id="i21" i:type="Mesh"><Attributes><Attribute z:Id="i22"><AttributeType>filename</AttributeType><IsRequired>true</IsRequired><Value i:nil="true"/></Attribute></Attributes><ChildElements/><ElementName>mesh</ElementName><required>false</required><FilenameAttribute z:Ref="i22"/></URDFElement></ChildElements><ElementName>geometry</ElementName><required>true</required><Mesh z:Ref="i21"/></URDFElement><URDFElement z:Id="i23" i:type="Material"><Attributes><Attribute z:Id="i24"><AttributeType>name</AttributeType><IsRequired>true</IsRequired><Value i:type="a:string" xmlns:a="http://www.w3.org/2001/XMLSchema"/></Attribute></Attributes><ChildElements><URDFElement z:Id="i25" i:type="Color"><Attributes><Attribute z:Id="i26"><AttributeType>rgba</AttributeType><IsRequired>true</IsRequired><Value i:type="a:ArrayOfdouble" xmlns:a="http://schemas.microsoft.com/2003/10/Serialization/Arrays"><a:double>0.792156862745098</a:double><a:double>0.81960784313725488</a:double><a:double>0.93333333333333335</a:double><a:double>1</a:double></Value></Attribute></Attributes><ChildElements/><ElementName>color</ElementName><required>false</required><RGBAAttribute z:Ref="i26"/></URDFElement><URDFElement z:Id="i27" i:type="Texture"><Attributes><Attribute z:Id="i28"><AttributeType>filename</AttributeType><IsRequired>true</IsRequired><Value i:nil="true"/></Attribute></Attributes><ChildElements/><ElementName>texture</ElementName><required>false</required><FilenameAttribute z:Ref="i28"/><wFilename/></URDFElement></ChildElements><ElementName>material</ElementName><required>false</required><Color z:Ref="i25"/><NameAttribute z:Ref="i24"/><Texture z:Ref="i27"/></URDFElement></ChildElements><ElementName>visual</ElementName><required>false</required><Geometry z:Ref="i20"/><Material z:Ref="i23"/><Origin z:Ref="i17"/></URDFElement><URDFElement z:Id="i29" i:type="Collision"><Attributes/><ChildElements><URDFElement z:Id="i30" i:type="Origin"><Attributes><Attribute z:Id="i31"><AttributeType>xyz</AttributeType><IsRequired>true</IsRequired><Value i:type="a:ArrayOfdouble" xmlns:a="http://schemas.microsoft.com/2003/10/Serialization/Arrays"><a:double>0</a:double><a:double>0</a:double><a:double>0</a:double></Value></Attribute><Attribute z:Id="i32"><AttributeType>rpy</AttributeType><IsRequired>true</IsRequired><Value i:type="a:ArrayOfdouble" xmlns:a="http://schemas.microsoft.com/2003/10/Serialization/Arrays"><a:double>0</a:double><a:double>0</a:double><a:double>0</a:double></Value></Attribute></Attributes><ChildElements/><ElementName>origin</ElementName><required>false</required><RPYAttribute z:Ref="i32"/><XYZAttribute z:Ref="i31"/><isCustomized>false</isCustomized></URDFElement><URDFElement z:Id="i33" i:type="Geometry"><Attributes/><ChildElements><URDFElement z:Id="i34" i:type="Mesh"><Attributes><Attribute z:Id="i35"><AttributeType>filename</AttributeType><IsRequired>true</IsRequired><Value i:nil="true"/></Attribute></Attributes><ChildElements/><ElementName>mesh</ElementName><required>false</required><FilenameAttribute z:Ref="i35"/></URDFElement></ChildElements><ElementName>geometry</ElementName><required>true</required><Mesh z:Ref="i34"/></URDFElement></ChildElements><ElementName>collision</ElementName><required>false</required><Geometry z:Ref="i33"/><Origin z:Ref="i30"/></URDFElement><URDFElement z:Id="i36" i:type="Joint"><Attributes><Attribute z:Id="i37"><AttributeType>name</AttributeType><IsRequired>true</IsRequired><Value i:type="a:string" xmlns:a="http://www.w3.org/2001/XMLSchema"/></Attribute><Attribute z:Id="i38"><AttributeType>type</AttributeType><IsRequired>true</IsRequired><Value i:type="a:string" xmlns:a="http://www.w3.org/2001/XMLSchema"/></Attribute></Attributes><ChildElements><URDFElement z:Id="i39" i:type="Origin"><Attributes><Attribute z:Id="i40"><AttributeType>xyz</AttributeType><IsRequired>true</IsRequired><Value i:type="a:ArrayOfdouble" xmlns:a="http://schemas.microsoft.com/2003/10/Serialization/Arrays"><a:double>0</a:double><a:double>0</a:double><a:double>0</a:double></Value></Attribute><Attribute z:Id="i41"><AttributeType>rpy</AttributeType><IsRequired>true</IsRequired><Value i:type="a:ArrayOfdouble" xmlns:a="http://schemas.microsoft.com/2003/10/Serialization/Arrays"><a:double>0</a:double><a:double>0</a:double><a:double>0</a:double></Value></Attribute></Attributes><ChildElements/><ElementName>origin</ElementName><required>false</required><RPYAttribute z:Ref="i41"/><XYZAttribute z:Ref="i40"/><isCustomized>false</isCustomized></URDFElement><URDFElement z:Id="i42" i:type="ParentLink"><Attributes><Attribute z:Id="i43"><AttributeType>link</AttributeType><IsRequired>true</IsRequired><Value i:type="a:string" xmlns:a="http://www.w3.org/2001/XMLSchema"/></Attribute></Attributes><ChildElements/><ElementName>parent</ElementName><required>true</required><NameAttribute z:Ref="i43"/></URDFElement><URDFElement z:Id="i44" i:type="ChildLink"><Attributes><Attribute z:Id="i45"><AttributeType>link</AttributeType><IsRequired>true</IsRequired><Value i:type="a:string" xmlns:a="http://www.w3.org/2001/XMLSchema"/></Attribute></Attributes><ChildElements/><ElementName>child</ElementName><required>true</required><NameAttribute z:Ref="i45"/></URDFElement><URDFElement z:Id="i46" i:type="Axis"><Attributes><Attribute z:Id="i47"><AttributeType>xyz</AttributeType><IsRequired>true</IsRequired><Value i:type="a:ArrayOfdouble" xmlns:a="http://schemas.microsoft.com/2003/10/Serialization/Arrays"><a:double>0</a:double><a:double>0</a:double><a:double>0</a:double></Value></Attribute></Attributes><ChildElements/><ElementName>axis</ElementName><required>false</required><XYZAttribute z:Ref="i47"/></URDFElement><URDFElement z:Id="i48" i:type="Limit"><Attributes><Attribute z:Id="i49"><AttributeType>lower</AttributeType><IsRequired>false</IsRequired><Value i:nil="true"/></Attribute><Attribute z:Id="i50"><AttributeType>upper</AttributeType><IsRequired>false</IsRequired><Value i:nil="true"/></Attribute><Attribute z:Id="i51"><AttributeType>effort</AttributeType><IsRequired>true</IsRequired><Value i:nil="true"/></Attribute><Attribute z:Id="i52"><AttributeType>velocity</AttributeType><IsRequired>true</IsRequired><Value i:nil="true"/></Attribute></Attributes><ChildElements/><ElementName>limit</ElementName><required>false</required><EffortAttribute z:Ref="i51"/><LowerAttribute z:Ref="i49"/><UpperAttribute z:Ref="i50"/><VelocityAttribute z:Ref="i52"/></URDFElement><URDFElement z:Id="i53" i:type="Calibration"><Attributes><Attribute z:Id="i54"><AttributeType>rising</AttributeType><IsRequired>false</IsRequired><Value i:nil="true"/></Attribute><Attribute z:Id="i55"><AttributeType>falling</AttributeType><IsRequired>false</IsRequired><Value i:nil="true"/></Attribute></Attributes><ChildElements/><ElementName>calibration</ElementName><required>false</required><FallingAttribute z:Ref="i55"/><RisingAttribute z:Ref="i54"/></URDFElement><URDFElement z:Id="i56" i:type="Dynamics"><Attributes><Attribute z:Id="i57"><AttributeType>damping</AttributeType><IsRequired>false</IsRequired><Value i:nil="true"/></Attribute><Attribute z:Id="i58"><AttributeType>friction</AttributeType><IsRequired>false</IsRequired><Value i:nil="true"/></Attribute></Attributes><ChildElements/><ElementName>dynamics</ElementName><required>false</required><DampingAttribute z:Ref="i57"/><FrictionAttribute z:Ref="i58"/></URDFElement><URDFElement z:Id="i59" i:type="SafetyController"><Attributes><Attribute z:Id="i60"><AttributeType>soft_upper_limit</AttributeType><IsRequired>false</IsRequired><Value i:nil="true"/></Attribute><Attribute z:Id="i61"><AttributeType>soft_lower_limit</AttributeType><IsRequired>false</IsRequired><Value i:nil="true"/></Attribute><Attribute z:Id="i62"><AttributeType>k_position</AttributeType><IsRequired>false</IsRequired><Value i:nil="true"/></Attribute><Attribute z:Id="i63"><AttributeType>k_velocity</AttributeType><IsRequired>true</IsRequired><Value i:nil="true"/></Attribute></Attributes><ChildElements/><ElementName>safety_controller</ElementName><required>false</required><KPositionAttribute z:Ref="i62"/><KVelocityAttribute z:Ref="i63"/><SoftLowerAttribute z:Ref="i61"/><SoftUpperAttribute z:Ref="i60"/></URDFElement><URDFElement z:Id="i64" i:type="Mimic"><Attributes><Attribute z:Id="i65"><AttributeType>joint</AttributeType><IsRequired>true</IsRequired><Value i:nil="true"/></Attribute><Attribute z:Id="i66"><AttributeType>multiplier</AttributeType><IsRequired>false</IsRequired><Value i:nil="true"/></Attribute><Attribute z:Id="i67"><AttributeType>offset</AttributeType><IsRequired>false</IsRequired><Value i:nil="true"/></Attribute></Attributes><ChildElements/><ElementName>mimic</ElementName><required>false</required><JointNameAttribute z:Ref="i65"/><MultiplierAttribute z:Ref="i66"/><OffsetAttribute z:Ref="i67"/></URDFElement></ChildElements><ElementName>joint</ElementName><required>false</required><Axis z:Ref="i46"/><AxisName/><Calibration z:Ref="i53"/><Child z:Ref="i44"/><CoordinateSystemName>Origin_global</CoordinateSystemName><Dynamics z:Ref="i56"/><Limit z:Ref="i48"/><Mimic z:Ref="i64"/><NameAttribute z:Ref="i37"/><Origin z:Ref="i39"/><Parent z:Ref="i42"/><Safety z:Ref="i59"/><TypeAttribute z:Ref="i38"/></URDFElement></ChildElements><ElementName>link</ElementName><required>true</required><Children><Link z:Id="i68"><Attributes><Attribute z:Id="i69"><AttributeType>name</AttributeType><IsRequired>true</IsRequired><Value i:type="a:string" xmlns:a="http://www.w3.org/2001/XMLSchema">Link1</Value></Attribute></Attributes><ChildElements><URDFElement z:Id="i70" i:type="Inertial"><Attributes/><ChildElements><URDFElement z:Id="i71" i:type="Origin"><Attributes><Attribute z:Id="i72"><AttributeType>xyz</AttributeType><IsRequired>true</IsRequired><Value i:type="a:ArrayOfdouble" xmlns:a="http://schemas.microsoft.com/2003/10/Serialization/Arrays"><a:double>-1.0868E-09</a:double><a:double>0.16126</a:double><a:double>-1.0193E-09</a:double></Value></Attribute><Attribute z:Id="i73"><AttributeType>rpy</AttributeType><IsRequired>true</IsRequired><Value i:type="a:ArrayOfdouble" xmlns:a="http://schemas.microsoft.com/2003/10/Serialization/Arrays"><a:double>0</a:double><a:double>0</a:double><a:double>0</a:double></Value></Attribute></Attributes><ChildElements/><ElementName>origin</ElementName><required>false</required><RPYAttribute z:Ref="i73"/><XYZAttribute z:Ref="i72"/><isCustomized>false</isCustomized></URDFElement><URDFElement z:Id="i74" i:type="Mass"><Attributes><Attribute z:Id="i75"><AttributeType>value</AttributeType><IsRequired>true</IsRequired><Value i:type="a:double" xmlns:a="http://www.w3.org/2001/XMLSchema">0.82362</Value></Attribute></Attributes><ChildElements/><ElementName>mass</ElementName><required>false</required><ValueAttribute z:Ref="i75"/></URDFElement><URDFElement z:Id="i76" i:type="Inertia"><Attributes><Attribute z:Id="i77"><AttributeType>ixx</AttributeType><IsRequired>true</IsRequired><Value i:type="a:double" xmlns:a="http://www.w3.org/2001/XMLSchema">0.0007323</Value></Attribute><Attribute z:Id="i78"><AttributeType>ixy</AttributeType><IsRequired>true</IsRequired><Value i:type="a:double" xmlns:a="http://www.w3.org/2001/XMLSchema">9.5521E-12</Value></Attribute><Attribute z:Id="i79"><AttributeType>ixz</AttributeType><IsRequired>true</IsRequired><Value i:type="a:double" xmlns:a="http://www.w3.org/2001/XMLSchema">2.3198E-06</Value></Attribute><Attribute z:Id="i80"><AttributeType>iyy</AttributeType><IsRequired>true</IsRequired><Value i:type="a:double" xmlns:a="http://www.w3.org/2001/XMLSchema">0.00061854</Value></Attribute><Attribute z:Id="i81"><AttributeType>iyz</AttributeType><IsRequired>true</IsRequired><Value i:type="a:double" xmlns:a="http://www.w3.org/2001/XMLSchema">3.4988E-09</Value></Attribute><Attribute z:Id="i82"><AttributeType>izz</AttributeType><IsRequired>true</IsRequired><Value i:type="a:double" xmlns:a="http://www.w3.org/2001/XMLSchema">0.00082421</Value></Attribute></Attributes><ChildElements/><ElementName>inertia</ElementName><required>false</required><IxxAttribute z:Ref="i77"/><IxyAttribute z:Ref="i78"/><IxzAttribute z:Ref="i79"/><IyyAttribute z:Ref="i80"/><IyzAttribute z:Ref="i81"/><IzzAttribute z:Ref="i82"/></URDFElement></ChildElements><ElementName>inertial</ElementName><required>false</required><Inertia z:Ref="i76"/><Mass z:Ref="i74"/><Origin z:Ref="i71"/></URDFElement><URDFElement z:Id="i83" i:type="Visual"><Attributes/><ChildElements><URDFElement z:Id="i84" i:type="Origin"><Attributes><Attribute z:Id="i85"><AttributeType>xyz</AttributeType><IsRequired>true</IsRequired><Value i:type="a:ArrayOfdouble" xmlns:a="http://schemas.microsoft.com/2003/10/Serialization/Arrays"><a:double>0</a:double><a:double>0</a:double><a:double>0</a:double></Value></Attribute><Attribute z:Id="i86"><AttributeType>rpy</AttributeType><IsRequired>true</IsRequired><Value i:type="a:ArrayOfdouble" xmlns:a="http://schemas.microsoft.com/2003/10/Serialization/Arrays"><a:double>0</a:double><a:double>0</a:double><a:double>0</a:double></Value></Attribute></Attributes><ChildElements/><ElementName>origin</ElementName><required>false</required><RPYAttribute z:Ref="i86"/><XYZAttribute z:Ref="i85"/><isCustomized>false</isCustomized></URDFElement><URDFElement z:Id="i87" i:type="Geometry"><Attributes/><ChildElements><URDFElement z:Id="i88" i:type="Mesh"><Attributes><Attribute z:Id="i89"><AttributeType>filename</AttributeType><IsRequired>true</IsRequired><Value i:nil="true"/></Attribute></Attributes><ChildElements/><ElementName>mesh</ElementName><required>false</required><FilenameAttribute z:Ref="i89"/></URDFElement></ChildElements><ElementName>geometry</ElementName><required>true</required><Mesh z:Ref="i88"/></URDFElement><URDFElement z:Id="i90" i:type="Material"><Attributes><Attribute z:Id="i91"><AttributeType>name</AttributeType><IsRequired>true</IsRequired><Value i:type="a:string" xmlns:a="http://www.w3.org/2001/XMLSchema"/></Attribute></Attributes><ChildElements><URDFElement z:Id="i92" i:type="Color"><Attributes><Attribute z:Id="i93"><AttributeType>rgba</AttributeType><IsRequired>true</IsRequired><Value i:type="a:ArrayOfdouble" xmlns:a="http://schemas.microsoft.com/2003/10/Serialization/Arrays"><a:double>0.79216</a:double><a:double>0.81961</a:double><a:double>0.93333</a:double><a:double>1</a:double></Value></Attribute></Attributes><ChildElements/><ElementName>color</ElementName><required>false</required><RGBAAttribute z:Ref="i93"/></URDFElement><URDFElement z:Id="i94" i:type="Texture"><Attributes><Attribute z:Id="i95"><AttributeType>filename</AttributeType><IsRequired>true</IsRequired><Value i:nil="true"/></Attribute></Attributes><ChildElements/><ElementName>texture</ElementName><required>false</required><FilenameAttribute z:Ref="i95"/><wFilename/></URDFElement></ChildElements><ElementName>material</ElementName><required>false</required><Color z:Ref="i92"/><NameAttribute z:Ref="i91"/><Texture z:Ref="i94"/></URDFElement></ChildElements><ElementName>visual</ElementName><required>false</required><Geometry z:Ref="i87"/><Material z:Ref="i90"/><Origin z:Ref="i84"/></URDFElement><URDFElement z:Id="i96" i:type="Collision"><Attributes/><ChildElements><URDFElement z:Id="i97" i:type="Origin"><Attributes><Attribute z:Id="i98"><AttributeType>xyz</AttributeType><IsRequired>true</IsRequired><Value i:type="a:ArrayOfdouble" xmlns:a="http://schemas.microsoft.com/2003/10/Serialization/Arrays"><a:double>0</a:double><a:double>0</a:double><a:double>0</a:double></Value></Attribute><Attribute z:Id="i99"><AttributeType>rpy</AttributeType><IsRequired>true</IsRequired><Value i:type="a:ArrayOfdouble" xmlns:a="http://schemas.microsoft.com/2003/10/Serialization/Arrays"><a:double>0</a:double><a:double>0</a:double><a:double>0</a:double></Value></Attribute></Attributes><ChildElements/><ElementName>origin</ElementName><required>false</required><RPYAttribute z:Ref="i99"/><XYZAttribute z:Ref="i98"/><isCustomized>false</isCustomized></URDFElement><URDFElement z:Id="i100" i:type="Geometry"><Attributes/><ChildElements><URDFElement z:Id="i101" i:type="Mesh"><Attributes><Attribute z:Id="i102"><AttributeType>filename</AttributeType><IsRequired>true</IsRequired><Value i:nil="true"/></Attribute></Attributes><ChildElements/><ElementName>mesh</ElementName><required>false</required><FilenameAttribute z:Ref="i102"/></URDFElement></ChildElements><ElementName>geometry</ElementName><required>true</required><Mesh z:Ref="i101"/></URDFElement></ChildElements><ElementName>collision</ElementName><required>false</required><Geometry z:Ref="i100"/><Origin z:Ref="i97"/></URDFElement><URDFElement z:Id="i103" i:type="Joint"><Attributes><Attribute z:Id="i104"><AttributeType>name</AttributeType><IsRequired>true</IsRequired><Value i:type="a:string" xmlns:a="http://www.w3.org/2001/XMLSchema">J1</Value></Attribute><Attribute z:Id="i105"><AttributeType>type</AttributeType><IsRequired>true</IsRequired><Value i:type="a:string" xmlns:a="http://www.w3.org/2001/XMLSchema">revolute</Value></Attribute></Attributes><ChildElements><URDFElement z:Id="i106" i:type="Origin"><Attributes><Attribute z:Id="i107"><AttributeType>xyz</AttributeType><IsRequired>true</IsRequired><Value i:type="a:ArrayOfdouble" xmlns:a="http://schemas.microsoft.com/2003/10/Serialization/Arrays"><a:double>0</a:double><a:double>0</a:double><a:double>0</a:double></Value></Attribute><Attribute z:Id="i108"><AttributeType>rpy</AttributeType><IsRequired>true</IsRequired><Value i:type="a:ArrayOfdouble" xmlns:a="http://schemas.microsoft.com/2003/10/Serialization/Arrays"><a:double>1.5708</a:double><a:double>0</a:double><a:double>1.5708</a:double></Value></Attribute></Attributes><ChildElements/><ElementName>origin</ElementName><required>false</required><RPYAttribute z:Ref="i108"/><XYZAttribute z:Ref="i107"/><isCustomized>false</isCustomized></URDFElement><URDFElement z:Id="i109" i:type="ParentLink"><Attributes><Attribute z:Id="i110"><AttributeType>link</AttributeType><IsRequired>true</IsRequired><Value i:type="a:string" xmlns:a="http://www.w3.org/2001/XMLSchema">base</Value></Attribute></Attributes><ChildElements/><ElementName>parent</ElementName><required>true</required><NameAttribute z:Ref="i110"/></URDFElement><URDFElement z:Id="i111" i:type="ChildLink"><Attributes><Attribute z:Id="i112"><AttributeType>link</AttributeType><IsRequired>true</IsRequired><Value i:type="a:string" xmlns:a="http://www.w3.org/2001/XMLSchema">Link1</Value></Attribute></Attributes><ChildElements/><ElementName>child</ElementName><required>true</required><NameAttribute z:Ref="i112"/></URDFElement><URDFElement z:Id="i113" i:type="Axis"><Attributes><Attribute z:Id="i114"><AttributeType>xyz</AttributeType><IsRequired>true</IsRequired><Value i:type="a:ArrayOfdouble" xmlns:a="http://schemas.microsoft.com/2003/10/Serialization/Arrays"><a:double>0</a:double><a:double>1</a:double><a:double>0</a:double></Value></Attribute></Attributes><ChildElements/><ElementName>axis</ElementName><required>false</required><XYZAttribute z:Ref="i114"/></URDFElement><URDFElement z:Id="i115" i:type="Limit"><Attributes><Attribute z:Id="i116"><AttributeType>lower</AttributeType><IsRequired>true</IsRequired><Value i:type="a:double" xmlns:a="http://www.w3.org/2001/XMLSchema">0</Value></Attribute><Attribute z:Id="i117"><AttributeType>upper</AttributeType><IsRequired>true</IsRequired><Value i:type="a:double" xmlns:a="http://www.w3.org/2001/XMLSchema">0</Value></Attribute><Attribute z:Id="i118"><AttributeType>effort</AttributeType><IsRequired>true</IsRequired><Value i:type="a:double" xmlns:a="http://www.w3.org/2001/XMLSchema">0</Value></Attribute><Attribute z:Id="i119"><AttributeType>velocity</AttributeType><IsRequired>true</IsRequired><Value i:type="a:double" xmlns:a="http://www.w3.org/2001/XMLSchema">0</Value></Attribute></Attributes><ChildElements/><ElementName>limit</ElementName><required>true</required><EffortAttribute z:Ref="i118"/><LowerAttribute z:Ref="i116"/><UpperAttribute z:Ref="i117"/><VelocityAttribute z:Ref="i119"/></URDFElement><URDFElement z:Id="i120" i:type="Calibration"><Attributes><Attribute z:Id="i121"><AttributeType>rising</AttributeType><IsRequired>false</IsRequired><Value i:nil="true"/></Attribute><Attribute z:Id="i122"><AttributeType>falling</AttributeType><IsRequired>false</IsRequired><Value i:nil="true"/></Attribute></Attributes><ChildElements/><ElementName>calibration</ElementName><required>false</required><FallingAttribute z:Ref="i122"/><RisingAttribute z:Ref="i121"/></URDFElement><URDFElement z:Id="i123" i:type="Dynamics"><Attributes><Attribute z:Id="i124"><AttributeType>damping</AttributeType><IsRequired>false</IsRequired><Value i:nil="true"/></Attribute><Attribute z:Id="i125"><AttributeType>friction</AttributeType><IsRequired>false</IsRequired><Value i:nil="true"/></Attribute></Attributes><ChildElements/><ElementName>dynamics</ElementName><required>false</required><DampingAttribute z:Ref="i124"/><FrictionAttribute z:Ref="i125"/></URDFElement><URDFElement z:Id="i126" i:type="SafetyController"><Attributes><Attribute z:Id="i127"><AttributeType>soft_upper_limit</AttributeType><IsRequired>false</IsRequired><Value i:nil="true"/></Attribute><Attribute z:Id="i128"><AttributeType>soft_lower_limit</AttributeType><IsRequired>false</IsRequired><Value i:nil="true"/></Attribute><Attribute z:Id="i129"><AttributeType>k_position</AttributeType><IsRequired>false</IsRequired><Value i:nil="true"/></Attribute><Attribute z:Id="i130"><AttributeType>k_velocity</AttributeType><IsRequired>true</IsRequired><Value i:nil="true"/></Attribute></Attributes><ChildElements/><ElementName>safety_controller</ElementName><required>false</required><KPositionAttribute z:Ref="i129"/><KVelocityAttribute z:Ref="i130"/><SoftLowerAttribute z:Ref="i128"/><SoftUpperAttribute z:Ref="i127"/></URDFElement><URDFElement z:Id="i131" i:type="Mimic"><Attributes><Attribute z:Id="i132"><AttributeType>joint</AttributeType><IsRequired>true</IsRequired><Value i:nil="true"/></Attribute><Attribute z:Id="i133"><AttributeType>multiplier</AttributeType><IsRequired>false</IsRequired><Value i:nil="true"/></Attribute><Attribute z:Id="i134"><AttributeType>offset</AttributeType><IsRequired>false</IsRequired><Value i:nil="true"/></Attribute></Attributes><ChildElements/><ElementName>mimic</ElementName><required>false</required><JointNameAttribute z:Ref="i132"/><MultiplierAttribute z:Ref="i133"/><OffsetAttribute z:Ref="i134"/></URDFElement></ChildElements><ElementName>joint</ElementName><required>false</required><Axis z:Ref="i113"/><AxisName>?????????1</AxisName><Calibration z:Ref="i120"/><Child z:Ref="i111"/><CoordinateSystemName>?????????1</CoordinateSystemName><Dynamics z:Ref="i123"/><Limit z:Ref="i115"/><Mimic z:Ref="i131"/><NameAttribute z:Ref="i104"/><Origin z:Ref="i106"/><Parent z:Ref="i109"/><Safety z:Ref="i126"/><TypeAttribute z:Ref="i105"/></URDFElement></ChildElements><ElementName>link</ElementName><required>true</required><Children><Link z:Id="i135"><Attributes><Attribute z:Id="i136"><AttributeType>name</AttributeType><IsRequired>true</IsRequired><Value i:type="a:string" xmlns:a="http://www.w3.org/2001/XMLSchema">Link2</Value></Attribute></Attributes><ChildElements><URDFElement z:Id="i137" i:type="Inertial"><Attributes/><ChildElements><URDFElement z:Id="i138" i:type="Origin"><Attributes><Attribute z:Id="i139"><AttributeType>xyz</AttributeType><IsRequired>true</IsRequired><Value i:type="a:ArrayOfdouble" xmlns:a="http://schemas.microsoft.com/2003/10/Serialization/Arrays"><a:double>-0.15128</a:double><a:double>-6.7794E-05</a:double><a:double>0.15221</a:double></Value></Attribute><Attribute z:Id="i140"><AttributeType>rpy</AttributeType><IsRequired>true</IsRequired><Value i:type="a:ArrayOfdouble" xmlns:a="http://schemas.microsoft.com/2003/10/Serialization/Arrays"><a:double>0</a:double><a:double>0</a:double><a:double>0</a:double></Value></Attribute></Attributes><ChildElements/><ElementName>origin</ElementName><required>false</required><RPYAttribute z:Ref="i140"/><XYZAttribute z:Ref="i139"/><isCustomized>false</isCustomized></URDFElement><URDFElement z:Id="i141" i:type="Mass"><Attributes><Attribute z:Id="i142"><AttributeType>value</AttributeType><IsRequired>true</IsRequired><Value i:type="a:double" xmlns:a="http://www.w3.org/2001/XMLSchema">0.34186</Value></Attribute></Attributes><ChildElements/><ElementName>mass</ElementName><required>false</required><ValueAttribute z:Ref="i142"/></URDFElement><URDFElement z:Id="i143" i:type="Inertia"><Attributes><Attribute z:Id="i144"><AttributeType>ixx</AttributeType><IsRequired>true</IsRequired><Value i:type="a:double" xmlns:a="http://www.w3.org/2001/XMLSchema">0.0012285</Value></Attribute><Attribute z:Id="i145"><AttributeType>ixy</AttributeType><IsRequired>true</IsRequired><Value i:type="a:double" xmlns:a="http://www.w3.org/2001/XMLSchema">7.5441E-10</Value></Attribute><Attribute z:Id="i146"><AttributeType>ixz</AttributeType><IsRequired>true</IsRequired><Value i:type="a:double" xmlns:a="http://www.w3.org/2001/XMLSchema">0.0010492</Value></Attribute><Attribute z:Id="i147"><AttributeType>iyy</AttributeType><IsRequired>true</IsRequired><Value i:type="a:double" xmlns:a="http://www.w3.org/2001/XMLSchema">0.0023978</Value></Attribute><Attribute z:Id="i148"><AttributeType>iyz</AttributeType><IsRequired>true</IsRequired><Value i:type="a:double" xmlns:a="http://www.w3.org/2001/XMLSchema">1.6626E-09</Value></Attribute><Attribute z:Id="i149"><AttributeType>izz</AttributeType><IsRequired>true</IsRequired><Value i:type="a:double" xmlns:a="http://www.w3.org/2001/XMLSchema">0.0012195</Value></Attribute></Attributes><ChildElements/><ElementName>inertia</ElementName><required>false</required><IxxAttribute z:Ref="i144"/><IxyAttribute z:Ref="i145"/><IxzAttribute z:Ref="i146"/><IyyAttribute z:Ref="i147"/><IyzAttribute z:Ref="i148"/><IzzAttribute z:Ref="i149"/></URDFElement></ChildElements><ElementName>inertial</ElementName><required>false</required><Inertia z:Ref="i143"/><Mass z:Ref="i141"/><Origin z:Ref="i138"/></URDFElement><URDFElement z:Id="i150" i:type="Visual"><Attributes/><ChildElements><URDFElement z:Id="i151" i:type="Origin"><Attributes><Attribute z:Id="i152"><AttributeType>xyz</AttributeType><IsRequired>true</IsRequired><Value i:type="a:ArrayOfdouble" xmlns:a="http://schemas.microsoft.com/2003/10/Serialization/Arrays"><a:double>0</a:double><a:double>0</a:double><a:double>0</a:double></Value></Attribute><Attribute z:Id="i153"><AttributeType>rpy</AttributeType><IsRequired>true</IsRequired><Value i:type="a:ArrayOfdouble" xmlns:a="http://schemas.microsoft.com/2003/10/Serialization/Arrays"><a:double>0</a:double><a:double>0</a:double><a:double>0</a:double></Value></Attribute></Attributes><ChildElements/><ElementName>origin</ElementName><required>false</required><RPYAttribute z:Ref="i153"/><XYZAttribute z:Ref="i152"/><isCustomized>false</isCustomized></URDFElement><URDFElement z:Id="i154" i:type="Geometry"><Attributes/><ChildElements><URDFElement z:Id="i155" i:type="Mesh"><Attributes><Attribute z:Id="i156"><AttributeType>filename</AttributeType><IsRequired>true</IsRequired><Value i:nil="true"/></Attribute></Attributes><ChildElements/><ElementName>mesh</ElementName><required>false</required><FilenameAttribute z:Ref="i156"/></URDFElement></ChildElements><ElementName>geometry</ElementName><required>true</required><Mesh z:Ref="i155"/></URDFElement><URDFElement z:Id="i157" i:type="Material"><Attributes><Attribute z:Id="i158"><AttributeType>name</AttributeType><IsRequired>true</IsRequired><Value i:type="a:string" xmlns:a="http://www.w3.org/2001/XMLSchema"/></Attribute></Attributes><ChildElements><URDFElement z:Id="i159" i:type="Color"><Attributes><Attribute z:Id="i160"><AttributeType>rgba</AttributeType><IsRequired>true</IsRequired><Value i:type="a:ArrayOfdouble" xmlns:a="http://schemas.microsoft.com/2003/10/Serialization/Arrays"><a:double>0.79216</a:double><a:double>0.81961</a:double><a:double>0.93333</a:double><a:double>1</a:double></Value></Attribute></Attributes><ChildElements/><ElementName>color</ElementName><required>false</required><RGBAAttribute z:Ref="i160"/></URDFElement><URDFElement z:Id="i161" i:type="Texture"><Attributes><Attribute z:Id="i162"><AttributeType>filename</AttributeType><IsRequired>true</IsRequired><Value i:nil="true"/></Attribute></Attributes><ChildElements/><ElementName>texture</ElementName><required>false</required><FilenameAttribute z:Ref="i162"/><wFilename/></URDFElement></ChildElements><ElementName>material</ElementName><required>false</required><Color z:Ref="i159"/><NameAttribute z:Ref="i158"/><Texture z:Ref="i161"/></URDFElement></ChildElements><ElementName>visual</ElementName><required>false</required><Geometry z:Ref="i154"/><Material z:Ref="i157"/><Origin z:Ref="i151"/></URDFElement><URDFElement z:Id="i163" i:type="Collision"><Attributes/><ChildElements><URDFElement z:Id="i164" i:type="Origin"><Attributes><Attribute z:Id="i165"><AttributeType>xyz</AttributeType><IsRequired>true</IsRequired><Value i:type="a:ArrayOfdouble" xmlns:a="http://schemas.microsoft.com/2003/10/Serialization/Arrays"><a:double>0</a:double><a:double>0</a:double><a:double>0</a:double></Value></Attribute><Attribute z:Id="i166"><AttributeType>rpy</AttributeType><IsRequired>true</IsRequired><Value i:type="a:ArrayOfdouble" xmlns:a="http://schemas.microsoft.com/2003/10/Serialization/Arrays"><a:double>0</a:double><a:double>0</a:double><a:double>0</a:double></Value></Attribute></Attributes><ChildElements/><ElementName>origin</ElementName><required>false</required><RPYAttribute z:Ref="i166"/><XYZAttribute z:Ref="i165"/><isCustomized>false</isCustomized></URDFElement><URDFElement z:Id="i167" i:type="Geometry"><Attributes/><ChildElements><URDFElement z:Id="i168" i:type="Mesh"><Attributes><Attribute z:Id="i169"><AttributeType>filename</AttributeType><IsRequired>true</IsRequired><Value i:nil="true"/></Attribute></Attributes><ChildElements/><ElementName>mesh</ElementName><required>false</required><FilenameAttribute z:Ref="i169"/></URDFElement></ChildElements><ElementName>geometry</ElementName><required>true</required><Mesh z:Ref="i168"/></URDFElement></ChildElements><ElementName>collision</ElementName><required>false</required><Geometry z:Ref="i167"/><Origin z:Ref="i164"/></URDFElement><URDFElement z:Id="i170" i:type="Joint"><Attributes><Attribute z:Id="i171"><AttributeType>name</AttributeType><IsRequired>true</IsRequired><Value i:type="a:string" xmlns:a="http://www.w3.org/2001/XMLSchema">J2</Value></Attribute><Attribute z:Id="i172"><AttributeType>type</AttributeType><IsRequired>true</IsRequired><Value i:type="a:string" xmlns:a="http://www.w3.org/2001/XMLSchema">revolute</Value></Attribute></Attributes><ChildElements><URDFElement z:Id="i173" i:type="Origin"><Attributes><Attribute z:Id="i174"><AttributeType>xyz</AttributeType><IsRequired>true</IsRequired><Value i:type="a:ArrayOfdouble" xmlns:a="http://schemas.microsoft.com/2003/10/Serialization/Arrays"><a:double>0</a:double><a:double>0.176</a:double><a:double>0</a:double></Value></Attribute><Attribute z:Id="i175"><AttributeType>rpy</AttributeType><IsRequired>true</IsRequired><Value i:type="a:ArrayOfdouble" xmlns:a="http://schemas.microsoft.com/2003/10/Serialization/Arrays"><a:double>0</a:double><a:double>0.48412</a:double><a:double>-1.5708</a:double></Value></Attribute></Attributes><ChildElements/><ElementName>origin</ElementName><required>false</required><RPYAttribute z:Ref="i175"/><XYZAttribute z:Ref="i174"/><isCustomized>false</isCustomized></URDFElement><URDFElement z:Id="i176" i:type="ParentLink"><Attributes><Attribute z:Id="i177"><AttributeType>link</AttributeType><IsRequired>true</IsRequired><Value i:type="a:string" xmlns:a="http://www.w3.org/2001/XMLSchema">Link1</Value></Attribute></Attributes><ChildElements/><ElementName>parent</ElementName><required>true</required><NameAttribute z:Ref="i177"/></URDFElement><URDFElement z:Id="i178" i:type="ChildLink"><Attributes><Attribute z:Id="i179"><AttributeType>link</AttributeType><IsRequired>true</IsRequired><Value i:type="a:string" xmlns:a="http://www.w3.org/2001/XMLSchema">Link2</Value></Attribute></Attributes><ChildElements/><ElementName>child</ElementName><required>true</required><NameAttribute z:Ref="i179"/></URDFElement><URDFElement z:Id="i180" i:type="Axis"><Attributes><Attribute z:Id="i181"><AttributeType>xyz</AttributeType><IsRequired>true</IsRequired><Value i:type="a:ArrayOfdouble" xmlns:a="http://schemas.microsoft.com/2003/10/Serialization/Arrays"><a:double>0</a:double><a:double>0</a:double><a:double>-1</a:double></Value></Attribute></Attributes><ChildElements/><ElementName>axis</ElementName><required>false</required><XYZAttribute z:Ref="i181"/></URDFElement><URDFElement z:Id="i182" i:type="Limit"><Attributes><Attribute z:Id="i183"><AttributeType>lower</AttributeType><IsRequired>true</IsRequired><Value i:type="a:double" xmlns:a="http://www.w3.org/2001/XMLSchema">0</Value></Attribute><Attribute z:Id="i184"><AttributeType>upper</AttributeType><IsRequired>true</IsRequired><Value i:type="a:double" xmlns:a="http://www.w3.org/2001/XMLSchema">0</Value></Attribute><Attribute z:Id="i185"><AttributeType>effort</AttributeType><IsRequired>true</IsRequired><Value i:type="a:double" xmlns:a="http://www.w3.org/2001/XMLSchema">0</Value></Attribute><Attribute z:Id="i186"><AttributeType>velocity</AttributeType><IsRequired>true</IsRequired><Value i:type="a:double" xmlns:a="http://www.w3.org/2001/XMLSchema">0</Value></Attribute></Attributes><ChildElements/><ElementName>limit</ElementName><required>true</required><EffortAttribute z:Ref="i185"/><LowerAttribute z:Ref="i183"/><UpperAttribute z:Ref="i184"/><VelocityAttribute z:Ref="i186"/></URDFElement><URDFElement z:Id="i187" i:type="Calibration"><Attributes><Attribute z:Id="i188"><AttributeType>rising</AttributeType><IsRequired>false</IsRequired><Value i:nil="true"/></Attribute><Attribute z:Id="i189"><AttributeType>falling</AttributeType><IsRequired>false</IsRequired><Value i:nil="true"/></Attribute></Attributes><ChildElements/><ElementName>calibration</ElementName><required>false</required><FallingAttribute z:Ref="i189"/><RisingAttribute z:Ref="i188"/></URDFElement><URDFElement z:Id="i190" i:type="Dynamics"><Attributes><Attribute z:Id="i191"><AttributeType>damping</AttributeType><IsRequired>false</IsRequired><Value i:nil="true"/></Attribute><Attribute z:Id="i192"><AttributeType>friction</AttributeType><IsRequired>false</IsRequired><Value i:nil="true"/></Attribute></Attributes><ChildElements/><ElementName>dynamics</ElementName><required>false</required><DampingAttribute z:Ref="i191"/><FrictionAttribute z:Ref="i192"/></URDFElement><URDFElement z:Id="i193" i:type="SafetyController"><Attributes><Attribute z:Id="i194"><AttributeType>soft_upper_limit</AttributeType><IsRequired>false</IsRequired><Value i:nil="true"/></Attribute><Attribute z:Id="i195"><AttributeType>soft_lower_limit</AttributeType><IsRequired>false</IsRequired><Value i:nil="true"/></Attribute><Attribute z:Id="i196"><AttributeType>k_position</AttributeType><IsRequired>false</IsRequired><Value i:nil="true"/></Attribute><Attribute z:Id="i197"><AttributeType>k_velocity</AttributeType><IsRequired>true</IsRequired><Value i:nil="true"/></Attribute></Attributes><ChildElements/><ElementName>safety_controller</ElementName><required>false</required><KPositionAttribute z:Ref="i196"/><KVelocityAttribute z:Ref="i197"/><SoftLowerAttribute z:Ref="i195"/><SoftUpperAttribute z:Ref="i194"/></URDFElement><URDFElement z:Id="i198" i:type="Mimic"><Attributes><Attribute z:Id="i199"><AttributeType>joint</AttributeType><IsRequired>true</IsRequired><Value i:nil="true"/></Attribute><Attribute z:Id="i200"><AttributeType>multiplier</AttributeType><IsRequired>false</IsRequired><Value i:nil="true"/></Attribute><Attribute z:Id="i201"><AttributeType>offset</AttributeType><IsRequired>false</IsRequired><Value i:nil="true"/></Attribute></Attributes><ChildElements/><ElementName>mimic</ElementName><required>false</required><JointNameAttribute z:Ref="i199"/><MultiplierAttribute z:Ref="i200"/><OffsetAttribute z:Ref="i201"/></URDFElement></ChildElements><ElementName>joint</ElementName><required>false</required><Axis z:Ref="i180"/><AxisName>?????????2</AxisName><Calibration z:Ref="i187"/><Child z:Ref="i178"/><CoordinateSystemName>?????????2</CoordinateSystemName><Dynamics z:Ref="i190"/><Limit z:Ref="i182"/><Mimic z:Ref="i198"/><NameAttribute z:Ref="i171"/><Origin z:Ref="i173"/><Parent z:Ref="i176"/><Safety z:Ref="i193"/><TypeAttribute z:Ref="i172"/></URDFElement></ChildElements><ElementName>link</ElementName><required>true</required><Children><Link z:Id="i202"><Attributes><Attribute z:Id="i203"><AttributeType>name</AttributeType><IsRequired>true</IsRequired><Value i:type="a:string" xmlns:a="http://www.w3.org/2001/XMLSchema">Link3</Value></Attribute></Attributes><ChildElements><URDFElement z:Id="i204" i:type="Inertial"><Attributes/><ChildElements><URDFElement z:Id="i205" i:type="Origin"><Attributes><Attribute z:Id="i206"><AttributeType>xyz</AttributeType><IsRequired>true</IsRequired><Value i:type="a:ArrayOfdouble" xmlns:a="http://schemas.microsoft.com/2003/10/Serialization/Arrays"><a:double>-0.20358</a:double><a:double>1.7223E-06</a:double><a:double>-0.13449</a:double></Value></Attribute><Attribute z:Id="i207"><AttributeType>rpy</AttributeType><IsRequired>true</IsRequired><Value i:type="a:ArrayOfdouble" xmlns:a="http://schemas.microsoft.com/2003/10/Serialization/Arrays"><a:double>0</a:double><a:double>0</a:double><a:double>0</a:double></Value></Attribute></Attributes><ChildElements/><ElementName>origin</ElementName><required>false</required><RPYAttribute z:Ref="i207"/><XYZAttribute z:Ref="i206"/><isCustomized>false</isCustomized></URDFElement><URDFElement z:Id="i208" i:type="Mass"><Attributes><Attribute z:Id="i209"><AttributeType>value</AttributeType><IsRequired>true</IsRequired><Value i:type="a:double" xmlns:a="http://www.w3.org/2001/XMLSchema">0.2618</Value></Attribute></Attributes><ChildElements/><ElementName>mass</ElementName><required>false</required><ValueAttribute z:Ref="i209"/></URDFElement><URDFElement z:Id="i210" i:type="Inertia"><Attributes><Attribute z:Id="i211"><AttributeType>ixx</AttributeType><IsRequired>true</IsRequired><Value i:type="a:double" xmlns:a="http://www.w3.org/2001/XMLSchema">0.00023644</Value></Attribute><Attribute z:Id="i212"><AttributeType>ixy</AttributeType><IsRequired>true</IsRequired><Value i:type="a:double" xmlns:a="http://www.w3.org/2001/XMLSchema">6.1801E-09</Value></Attribute><Attribute z:Id="i213"><AttributeType>ixz</AttributeType><IsRequired>true</IsRequired><Value i:type="a:double" xmlns:a="http://www.w3.org/2001/XMLSchema">0.00053652</Value></Attribute><Attribute z:Id="i214"><AttributeType>iyy</AttributeType><IsRequired>true</IsRequired><Value i:type="a:double" xmlns:a="http://www.w3.org/2001/XMLSchema">0.0019508</Value></Attribute><Attribute z:Id="i215"><AttributeType>iyz</AttributeType><IsRequired>true</IsRequired><Value i:type="a:double" xmlns:a="http://www.w3.org/2001/XMLSchema">8.4036E-11</Value></Attribute><Attribute z:Id="i216"><AttributeType>izz</AttributeType><IsRequired>true</IsRequired><Value i:type="a:double" xmlns:a="http://www.w3.org/2001/XMLSchema">0.0017623</Value></Attribute></Attributes><ChildElements/><ElementName>inertia</ElementName><required>false</required><IxxAttribute z:Ref="i211"/><IxyAttribute z:Ref="i212"/><IxzAttribute z:Ref="i213"/><IyyAttribute z:Ref="i214"/><IyzAttribute z:Ref="i215"/><IzzAttribute z:Ref="i216"/></URDFElement></ChildElements><ElementName>inertial</ElementName><required>false</required><Inertia z:Ref="i210"/><Mass z:Ref="i208"/><Origin z:Ref="i205"/></URDFElement><URDFElement z:Id="i217" i:type="Visual"><Attributes/><ChildElements><URDFElement z:Id="i218" i:type="Origin"><Attributes><Attribute z:Id="i219"><AttributeType>xyz</AttributeType><IsRequired>true</IsRequired><Value i:type="a:ArrayOfdouble" xmlns:a="http://schemas.microsoft.com/2003/10/Serialization/Arrays"><a:double>0</a:double><a:double>0</a:double><a:double>0</a:double></Value></Attribute><Attribute z:Id="i220"><AttributeType>rpy</AttributeType><IsRequired>true</IsRequired><Value i:type="a:ArrayOfdouble" xmlns:a="http://schemas.microsoft.com/2003/10/Serialization/Arrays"><a:double>0</a:double><a:double>0</a:double><a:double>0</a:double></Value></Attribute></Attributes><ChildElements/><ElementName>origin</ElementName><required>false</required><RPYAttribute z:Ref="i220"/><XYZAttribute z:Ref="i219"/><isCustomized>false</isCustomized></URDFElement><URDFElement z:Id="i221" i:type="Geometry"><Attributes/><ChildElements><URDFElement z:Id="i222" i:type="Mesh"><Attributes><Attribute z:Id="i223"><AttributeType>filename</AttributeType><IsRequired>true</IsRequired><Value i:nil="true"/></Attribute></Attributes><ChildElements/><ElementName>mesh</ElementName><required>false</required><FilenameAttribute z:Ref="i223"/></URDFElement></ChildElements><ElementName>geometry</ElementName><required>true</required><Mesh z:Ref="i222"/></URDFElement><URDFElement z:Id="i224" i:type="Material"><Attributes><Attribute z:Id="i225"><AttributeType>name</AttributeType><IsRequired>true</IsRequired><Value i:type="a:string" xmlns:a="http://www.w3.org/2001/XMLSchema"/></Attribute></Attributes><ChildElements><URDFElement z:Id="i226" i:type="Color"><Attributes><Attribute z:Id="i227"><AttributeType>rgba</AttributeType><IsRequired>true</IsRequired><Value i:type="a:ArrayOfdouble" xmlns:a="http://schemas.microsoft.com/2003/10/Serialization/Arrays"><a:double>0.89804</a:double><a:double>0.91765</a:double><a:double>0.92941</a:double><a:double>1</a:double></Value></Attribute></Attributes><ChildElements/><ElementName>color</ElementName><required>false</required><RGBAAttribute z:Ref="i227"/></URDFElement><URDFElement z:Id="i228" i:type="Texture"><Attributes><Attribute z:Id="i229"><AttributeType>filename</AttributeType><IsRequired>true</IsRequired><Value i:nil="true"/></Attribute></Attributes><ChildElements/><ElementName>texture</ElementName><required>false</required><FilenameAttribute z:Ref="i229"/><wFilename/></URDFElement></ChildElements><ElementName>material</ElementName><required>false</required><Color z:Ref="i226"/><NameAttribute z:Ref="i225"/><Texture z:Ref="i228"/></URDFElement></ChildElements><ElementName>visual</ElementName><required>false</required><Geometry z:Ref="i221"/><Material z:Ref="i224"/><Origin z:Ref="i218"/></URDFElement><URDFElement z:Id="i230" i:type="Collision"><Attributes/><ChildElements><URDFElement z:Id="i231" i:type="Origin"><Attributes><Attribute z:Id="i232"><AttributeType>xyz</AttributeType><IsRequired>true</IsRequired><Value i:type="a:ArrayOfdouble" xmlns:a="http://schemas.microsoft.com/2003/10/Serialization/Arrays"><a:double>0</a:double><a:double>0</a:double><a:double>0</a:double></Value></Attribute><Attribute z:Id="i233"><AttributeType>rpy</AttributeType><IsRequired>true</IsRequired><Value i:type="a:ArrayOfdouble" xmlns:a="http://schemas.microsoft.com/2003/10/Serialization/Arrays"><a:double>0</a:double><a:double>0</a:double><a:double>0</a:double></Value></Attribute></Attributes><ChildElements/><ElementName>origin</ElementName><required>false</required><RPYAttribute z:Ref="i233"/><XYZAttribute z:Ref="i232"/><isCustomized>false</isCustomized></URDFElement><URDFElement z:Id="i234" i:type="Geometry"><Attributes/><ChildElements><URDFElement z:Id="i235" i:type="Mesh"><Attributes><Attribute z:Id="i236"><AttributeType>filename</AttributeType><IsRequired>true</IsRequired><Value i:nil="true"/></Attribute></Attributes><ChildElements/><ElementName>mesh</ElementName><required>false</required><FilenameAttribute z:Ref="i236"/></URDFElement></ChildElements><ElementName>geometry</ElementName><required>true</required><Mesh z:Ref="i235"/></URDFElement></ChildElements><ElementName>collision</ElementName><required>false</required><Geometry z:Ref="i234"/><Origin z:Ref="i231"/></URDFElement><URDFElement z:Id="i237" i:type="Joint"><Attributes><Attribute z:Id="i238"><AttributeType>name</AttributeType><IsRequired>true</IsRequired><Value i:type="a:string" xmlns:a="http://www.w3.org/2001/XMLSchema">J3</Value></Attribute><Attribute z:Id="i239"><AttributeType>type</AttributeType><IsRequired>true</IsRequired><Value i:type="a:string" xmlns:a="http://www.w3.org/2001/XMLSchema">revolute</Value></Attribute></Attributes><ChildElements><URDFElement z:Id="i240" i:type="Origin"><Attributes><Attribute z:Id="i241"><AttributeType>xyz</AttributeType><IsRequired>true</IsRequired><Value i:type="a:ArrayOfdouble" xmlns:a="http://schemas.microsoft.com/2003/10/Serialization/Arrays"><a:double>-0.27796</a:double><a:double>0</a:double><a:double>0.27796</a:double></Value></Attribute><Attribute z:Id="i242"><AttributeType>rpy</AttributeType><IsRequired>true</IsRequired><Value i:type="a:ArrayOfdouble" xmlns:a="http://schemas.microsoft.com/2003/10/Serialization/Arrays"><a:double>-3.1416</a:double><a:double>0.7854</a:double><a:double>-3.1416</a:double></Value></Attribute></Attributes><ChildElements/><ElementName>origin</ElementName><required>false</required><RPYAttribute z:Ref="i242"/><XYZAttribute z:Ref="i241"/><isCustomized>false</isCustomized></URDFElement><URDFElement z:Id="i243" i:type="ParentLink"><Attributes><Attribute z:Id="i244"><AttributeType>link</AttributeType><IsRequired>true</IsRequired><Value i:type="a:string" xmlns:a="http://www.w3.org/2001/XMLSchema">Link2</Value></Attribute></Attributes><ChildElements/><ElementName>parent</ElementName><required>true</required><NameAttribute z:Ref="i244"/></URDFElement><URDFElement z:Id="i245" i:type="ChildLink"><Attributes><Attribute z:Id="i246"><AttributeType>link</AttributeType><IsRequired>true</IsRequired><Value i:type="a:string" xmlns:a="http://www.w3.org/2001/XMLSchema">Link3</Value></Attribute></Attributes><ChildElements/><ElementName>child</ElementName><required>true</required><NameAttribute z:Ref="i246"/></URDFElement><URDFElement z:Id="i247" i:type="Axis"><Attributes><Attribute z:Id="i248"><AttributeType>xyz</AttributeType><IsRequired>true</IsRequired><Value i:type="a:ArrayOfdouble" xmlns:a="http://schemas.microsoft.com/2003/10/Serialization/Arrays"><a:double>0</a:double><a:double>0</a:double><a:double>1</a:double></Value></Attribute></Attributes><ChildElements/><ElementName>axis</ElementName><required>false</required><XYZAttribute z:Ref="i248"/></URDFElement><URDFElement z:Id="i249" i:type="Limit"><Attributes><Attribute z:Id="i250"><AttributeType>lower</AttributeType><IsRequired>true</IsRequired><Value i:type="a:double" xmlns:a="http://www.w3.org/2001/XMLSchema">0</Value></Attribute><Attribute z:Id="i251"><AttributeType>upper</AttributeType><IsRequired>true</IsRequired><Value i:type="a:double" xmlns:a="http://www.w3.org/2001/XMLSchema">0</Value></Attribute><Attribute z:Id="i252"><AttributeType>effort</AttributeType><IsRequired>true</IsRequired><Value i:type="a:double" xmlns:a="http://www.w3.org/2001/XMLSchema">0</Value></Attribute><Attribute z:Id="i253"><AttributeType>velocity</AttributeType><IsRequired>true</IsRequired><Value i:type="a:double" xmlns:a="http://www.w3.org/2001/XMLSchema">0</Value></Attribute></Attributes><ChildElements/><ElementName>limit</ElementName><required>true</required><EffortAttribute z:Ref="i252"/><LowerAttribute z:Ref="i250"/><UpperAttribute z:Ref="i251"/><VelocityAttribute z:Ref="i253"/></URDFElement><URDFElement z:Id="i254" i:type="Calibration"><Attributes><Attribute z:Id="i255"><AttributeType>rising</AttributeType><IsRequired>false</IsRequired><Value i:nil="true"/></Attribute><Attribute z:Id="i256"><AttributeType>falling</AttributeType><IsRequired>false</IsRequired><Value i:nil="true"/></Attribute></Attributes><ChildElements/><ElementName>calibration</ElementName><required>false</required><FallingAttribute z:Ref="i256"/><RisingAttribute z:Ref="i255"/></URDFElement><URDFElement z:Id="i257" i:type="Dynamics"><Attributes><Attribute z:Id="i258"><AttributeType>damping</AttributeType><IsRequired>false</IsRequired><Value i:nil="true"/></Attribute><Attribute z:Id="i259"><AttributeType>friction</AttributeType><IsRequired>false</IsRequired><Value i:nil="true"/></Attribute></Attributes><ChildElements/><ElementName>dynamics</ElementName><required>false</required><DampingAttribute z:Ref="i258"/><FrictionAttribute z:Ref="i259"/></URDFElement><URDFElement z:Id="i260" i:type="SafetyController"><Attributes><Attribute z:Id="i261"><AttributeType>soft_upper_limit</AttributeType><IsRequired>false</IsRequired><Value i:nil="true"/></Attribute><Attribute z:Id="i262"><AttributeType>soft_lower_limit</AttributeType><IsRequired>false</IsRequired><Value i:nil="true"/></Attribute><Attribute z:Id="i263"><AttributeType>k_position</AttributeType><IsRequired>false</IsRequired><Value i:nil="true"/></Attribute><Attribute z:Id="i264"><AttributeType>k_velocity</AttributeType><IsRequired>true</IsRequired><Value i:nil="true"/></Attribute></Attributes><ChildElements/><ElementName>safety_controller</ElementName><required>false</required><KPositionAttribute z:Ref="i263"/><KVelocityAttribute z:Ref="i264"/><SoftLowerAttribute z:Ref="i262"/><SoftUpperAttribute z:Ref="i261"/></URDFElement><URDFElement z:Id="i265" i:type="Mimic"><Attributes><Attribute z:Id="i266"><AttributeType>joint</AttributeType><IsRequired>true</IsRequired><Value i:nil="true"/></Attribute><Attribute z:Id="i267"><AttributeType>multiplier</AttributeType><IsRequired>false</IsRequired><Value i:nil="true"/></Attribute><Attribute z:Id="i268"><AttributeType>offset</AttributeType><IsRequired>false</IsRequired><Value i:nil="true"/></Attribute></Attributes><ChildElements/><ElementName>mimic</ElementName><required>false</required><JointNameAttribute z:Ref="i266"/><MultiplierAttribute z:Ref="i267"/><OffsetAttribute z:Ref="i268"/></URDFElement></ChildElements><ElementName>joint</ElementName><required>false</required><Axis z:Ref="i247"/><AxisName>?????????3</AxisName><Calibration z:Ref="i254"/><Child z:Ref="i245"/><CoordinateSystemName>?????????3</CoordinateSystemName><Dynamics z:Ref="i257"/><Limit z:Ref="i249"/><Mimic z:Ref="i265"/><NameAttribute z:Ref="i238"/><Origin z:Ref="i240"/><Parent z:Ref="i243"/><Safety z:Ref="i260"/><TypeAttribute z:Ref="i239"/></URDFElement></ChildElements><ElementName>link</ElementName><required>true</required><Children/><Collision z:Ref="i230"/><Inertial z:Ref="i204"/><Joint z:Ref="i237"/><NameAttribute z:Ref="i203"/><Parent z:Ref="i135"/><STLQualityFine>false</STLQualityFine><SWComponentPIDs xmlns:a="http://schemas.microsoft.com/2003/10/Serialization/Arrays"><a:base64Binary>sDYAAAUAAAD//v8vwoEwADEAXwB2ADAALgAxAC4ANAAtADEAQACpgHNRgoJfAHYAMAAuADEALgA0AC8AK2fvem6PXwB2ADAALgAxAC4ANAAtADIAQADCgTAAMQBfAHYAMAAuADEALgA0AAQAAAAQAAAAAQAAAAIAAACLAAAAhgUAAA==</a:base64Binary><a:base64Binary>sDYAAAUAAAD//v8wwoEwADEAXwB2ADAALgAxAC4ANAAtADEAQACpgHNRgoJfAHYAMAAuADEALgA0AC8AdI9XWTAAMQBfAHYAMAAuADEALgA0AC0AMgBAAMKBMAAxAF8AdgAwAC4AMQAuADQABAAAABAAAAABAAAAAgAAAIsAAABGCAAA</a:base64Binary><a:base64Binary>sDYAAAUAAAD//v8xwoEwADEAXwB2ADAALgAxAC4ANAAtADEAQACpgHNRgoJfAHYAMAAuADEALgA0AC8AbI+lY7ZnMAA5AF8AdgAwAC4AMQAuADQALQAyAEAAwoEwADEAXwB2ADAALgAxAC4ANAAEAAAAEAAAAAEAAAACAAAAiwAAAIUFAAA=</a:base64Binary><a:base64Binary>sDYAAAUAAAD//v8wwoEwADEAXwB2ADAALgAxAC4ANAAtADEAQACpgHNRgoJfAHYAMAAuADEALgA0AC8AdI9XWTAAMQBfAHYAMAAuADEALgA0AC0AMQBAAMKBMAAxAF8AdgAwAC4AMQAuADQABAAAABAAAAABAAAAAgAAAIsAAAA3CAAA</a:base64Binary><a:base64Binary>sDYAAAUAAAD//v8wwoEwADEAXwB2ADAALgAxAC4ANAAtADEAQACpgHNRgoJfAHYAMAAuADEALgA0AC8As3ihezAAMwBfAHYAMAAuADEALgA0AC0AMQBAAMKBMAAxAF8AdgAwAC4AMQAuADQABAAAABAAAAABAAAAAgAAAIsAAABsBwAA</a:base64Binary><a:base64Binary>sDYAAAUAAAD//v8xwoEwADEAXwB2ADAALgAxAC4ANAAtADEAQACpgHNRgoJfAHYAMAAuADEALgA0AC8AbI+lY7ZnMAA4AF8AdgAwAC4AMQAuADQALQAxAEAAwoEwADEAXwB2ADAALgAxAC4ANAAEAAAAEAAAAAEAAAACAAAAiwAAAGYFAAA=</a:base64Binary><a:base64Binary>sDYAAAUAAAD//v8xwoEwADEAXwB2ADAALgAxAC4ANAAtADEAQACpgHNRgoJfAHYAMAAuADEALgA0AC8AbI+lY7ZnMAA4AF8AdgAwAC4AMQAuADQALQAyAEAAwoEwADEAXwB2ADAALgAxAC4ANAAEAAAAEAAAAAEAAAACAAAAiwAAAGgFAAA=</a:base64Binary></SWComponentPIDs><SWMainComponentPID i:nil="true"/><Visual z:Ref="i217"/><isFixedFrame>false</isFixedFrame><isIncomplete>false</isIncomplete></Link></Children><Collision z:Ref="i163"/><Inertial z:Ref="i137"/><Joint z:Ref="i170"/><NameAttribute z:Ref="i136"/><Parent z:Ref="i68"/><STLQualityFine>false</STLQualityFine><SWComponentPIDs xmlns:a="http://schemas.microsoft.com/2003/10/Serialization/Arrays"><a:base64Binary>sDYAAAUAAAD//v9swoEwADEAXwB2ADAALgAxAC4ANAAtADEAQACpgHNRgoJfAHYAMAAuADEALgA0AC8AMwBEAC0ARQBBADIAOABTADAANgBDAC0AMgBAAMKBMAAxAF8AdgAwAC4AMQAuADQALwAzAEQALQBFAEEAMgA4AFMAMAA2AEMALgBzAHQAcAAtADEAQAAzAEQALQBFAEEAMgA4AFMAMAA2AEMALwBwAGwAdQBnAGUAcgA4AC4AcwB0AHAALQAxAEAAMwBEAC0ARQBBADIAOABTADAANgBDAC4AcwB0AHAABAAAABAAAAABAAAABAAAAIsAAACNBwAAGQAAABYAAAA=</a:base64Binary><a:base64Binary>sDYAAAUAAAD//v8zwoEwADEAXwB2ADAALgAxAC4ANAAtADEAQACpgHNRgoJfAHYAMAAuADEALgA0AC8A/FsRVHSPV1lfADAANABfAHYAMAAuADEALgA0AC0ANABAAMKBMAAxAF8AdgAwAC4AMQAuADQABAAAABAAAAABAAAAAgAAAIsAAABRBwAA</a:base64Binary><a:base64Binary>sDYAAAUAAAD//v8ywoEwADEAXwB2ADAALgAxAC4ANAAtADEAQACpgHNRgoJfAHYAMAAuADEALgA0AC8A/FsRVG6PXwAwADEAXwB2ADAALgAxAC4ANAAtADgAQADCgTAAMQBfAHYAMAAuADEALgA0AAQAAAAQAAAAAQAAAAIAAACLAAAAHQcAAA==</a:base64Binary><a:base64Binary>sDYAAAUAAAD//v8zwoEwADEAXwB2ADAALgAxAC4ANAAtADEAQACpgHNRgoJfAHYAMAAuADEALgA0AC8A/FsRVG6PdI9fADAANABfAHYAMAAuADEALgA0AC0AMQBAAMKBMAAxAF8AdgAwAC4AMQAuADQABAAAABAAAAABAAAAAgAAAIsAAAAMBwAA</a:base64Binary><a:base64Binary>sDYAAAUAAAD//v8ywoEwADEAXwB2ADAALgAxAC4ANAAtADEAQACpgHNRgoJfAHYAMAAuADEALgA0AC8A/FsRVG6PXwAwADEAXwB2ADAALgAxAC4ANAAtADcAQADCgTAAMQBfAHYAMAAuADEALgA0AAQAAAAQAAAAAQAAAAIAAACLAAAABgcAAA==</a:base64Binary><a:base64Binary>sDYAAAUAAAD//v8zwoEwADEAXwB2ADAALgAxAC4ANAAtADEAQACpgHNRgoJfAHYAMAAuADEALgA0AC8A/FsRVHSPV1lfADAANABfAHYAMAAuADEALgA0AC0ANQBAAMKBMAAxAF8AdgAwAC4AMQAuADQABAAAABAAAAABAAAAAgAAAIsAAABgBwAA</a:base64Binary><a:base64Binary>sDYAAAUAAAD//v85woEwADEAXwB2ADAALgAxAC4ANAAtADEAQACpgHNRgoJfAHYAMAAuADEALgA0AC8ARwBCAA//VAAyADcANgAtADkANADxbZ9sA3R0j39iNgAxADkAD/80AC0AOABAAMKBMAAxAF8AdgAwAC4AMQAuADQABAAAABAAAAABAAAAAgAAAIsAAAAeBwAA</a:base64Binary><a:base64Binary>sDYAAAUAAAD//v85woEwADEAXwB2ADAALgAxAC4ANAAtADEAQACpgHNRgoJfAHYAMAAuADEALgA0AC8ARwBCAA//VAAyADcANgAtADkANADxbZ9sA3R0j39iNgAxADkAD/80AC0ANwBAAMKBMAAxAF8AdgAwAC4AMQAuADQABAAAABAAAAABAAAAAgAAAIsAAAAHBwAA</a:base64Binary><a:base64Binary>sDYAAAUAAAD//v8zwoEwADEAXwB2ADAALgAxAC4ANAAtADEAQACpgHNRgoJfAHYAMAAuADEALgA0AC8AXJURVGyPpWO2ZzAANgBfAHYAMAAuADEALgA0AC0AMwBAAMKBMAAxAF8AdgAwAC4AMQAuADQABAAAABAAAAABAAAAAgAAAIsAAADxBgAA</a:base64Binary><a:base64Binary>sDYAAAUAAAD//v8hRwBCAA//VAAyADcANgAtADkANADxbZ9sA3R0j39iNgAxADkAD/80AC0AMQBAAKmAc1GCgl8AdgAwAC4AMQAuADQABAAAABAAAAABAAAAAQAAAJkAAAA=</a:base64Binary><a:base64Binary>sDYAAAUAAAD//v8YYVNjYjAAMQBfAHYAMAAuADEALgA0AC0AMgBAAKmAc1GCgl8AdgAwAC4AMQAuADQABAAAABAAAAABAAAAAQAAAGoAAAA=</a:base64Binary><a:base64Binary>sDYAAAUAAAD//v8YYVNjYjAAMQBfAHYAMAAuADEALgA0AC0AMQBAAKmAc1GCgl8AdgAwAC4AMQAuADQABAAAABAAAAABAAAAAQAAAGQAAAA=</a:base64Binary><a:base64Binary>sDYAAAUAAAD//v8a/FsRVG6PXwAwADEAXwB2ADAALgAxAC4ANAAtADEAQACpgHNRgoJfAHYAMAAuADEALgA0AAQAAAAQAAAAAQAAAAEAAACYAAAA</a:base64Binary><a:base64Binary>sDYAAAUAAAD//v8a/FsRVG6PXwAwADEAXwB2ADAALgAxAC4ANAAtADIAQACpgHNRgoJfAHYAMAAuADEALgA0AAQAAAAQAAAAAQAAAAEAAACuAAAA</a:base64Binary><a:base64Binary>sDYAAAUAAAD//v8b/FsRVHSPV1lfADAAMQBfAHYAMAAuADEALgA0AC0AMgBAAKmAc1GCgl8AdgAwAC4AMQAuADQABAAAABAAAAABAAAAAQAAAMgAAAA=</a:base64Binary><a:base64Binary>sDYAAAUAAAD//v8b/FsRVG6PdI9fADAAMQBfAHYAMAAuADEALgA0AC0AMQBAAKmAc1GCgl8AdgAwAC4AMQAuADQABAAAABAAAAABAAAAAQAAAJYAAAA=</a:base64Binary><a:base64Binary>sDYAAAUAAAD//v8b/FsRVHSPV1lfADAAMQBfAHYAMAAuADEALgA0AC0AMQBAAKmAc1GCgl8AdgAwAC4AMQAuADQABAAAABAAAAABAAAAAQAAAMUAAAA=</a:base64Binary><a:base64Binary>sDYAAAUAAAD//v8wwoEwADEAXwB2ADAALgAxAC4ANAAtADEAQACpgHNRgoJfAHYAMAAuADEALgA0AC8As3ihezAAMgBfAHYAMAAuADEALgA0AC0AMQBAAMKBMAAxAF8AdgAwAC4AMQAuADQABAAAABAAAAABAAAAAgAAAIsAAADLBAAA</a:base64Binary><a:base64Binary>sDYAAAUAAAD//v8xwoEwADEAXwB2ADAALgAxAC4ANAAtADEAQACpgHNRgoJfAHYAMAAuADEALgA0AC8AbI+lY7ZnMAA2AF8AdgAwAC4AMQAuADQALQAyAEAAwoEwADEAXwB2ADAALgAxAC4ANAAEAAAAEAAAAAEAAAACAAAAiwAAAO8GAAA=</a:base64Binary><a:base64Binary>sDYAAAUAAAD//v8wwoEwADEAXwB2ADAALgAxAC4ANAAtADEAQACpgHNRgoJfAHYAMAAuADEALgA0AC8AMwBEAC0ARQBBADIAOABTADAANgBDAC0AMgBAAMKBMAAxAF8AdgAwAC4AMQAuADQABAAAABAAAAABAAAAAgAAAIsAAACNBwAA</a:base64Binary><a:base64Binary>sDYAAAUAAAD//v81woEwADEAXwB2ADAALgAxAC4ANAAtADEAQACpgHNRgoJfAHYAMAAuADEALgA0AC8AMQAyADgAWgBaACgAOAAtADEAMgAtADMALgA1ACkARgAtADUAQADCgTAAMQBfAHYAMAAuADEALgA0AAQAAAAQAAAAAQAAAAIAAACLAAAASAcAAA==</a:base64Binary><a:base64Binary>sDYAAAUAAAD//v81woEwADEAXwB2ADAALgAxAC4ANAAtADEAQACpgHNRgoJfAHYAMAAuADEALgA0AC8AMQAyADgAWgBaACgAOAAtADEAMgAtADMALgA1ACkARgAtADQAQADCgTAAMQBfAHYAMAAuADEALgA0AAQAAAAQAAAAAQAAAAIAAACLAAAAMQcAAA==</a:base64Binary><a:base64Binary>sDYAAAUAAAD//v8vwoEwADEAXwB2ADAALgAxAC4ANAAtADEAQACpgHNRgoJfAHYAMAAuADEALgA0AC8AdI8wADkAXwB2ADAALgAxAC4ANAAtADEAQADCgTAAMQBfAHYAMAAuADEALgA0AAQAAAAQAAAAAQAAAAIAAACLAAAAAQcAAA==</a:base64Binary></SWComponentPIDs><SWMainComponentPID i:nil="true"/><Visual z:Ref="i150"/><isFixedFrame>false</isFixedFrame><isIncomplete>false</isIncomplete></Link></Children><Collision z:Ref="i96"/><Inertial z:Ref="i70"/><Joint z:Ref="i103"/><NameAttribute z:Ref="i69"/><Parent z:Ref="i1"/><STLQualityFine>false</STLQualityFine><SWComponentPIDs xmlns:a="http://schemas.microsoft.com/2003/10/Serialization/Arrays"><a:base64Binary>sDYAAAUAAAD//v8XdI8wADEAXwB2ADAALgAxAC4ANAAtADEAQACpgHNRgoJfAHYAMAAuADEALgA0AAQAAAAQAAAAAQAAAAEAAAAaAAAA</a:base64Binary><a:base64Binary>sDYAAAUAAAD//v8YNXU6Zy9ltmdfAHYAMAAuADEALgA0AC0AMQBAAKmAc1GCgl8AdgAwAC4AMQAuADQABAAAABAAAAABAAAAAQAAADsAAAA=</a:base64Binary><a:base64Binary>sDYAAAUAAAD//v8Y1X6/fm6PMABfAHYAMAAuADEALgA0AC0AMQBAAKmAc1GCgl8AdgAwAC4AMQAuADQABAAAABAAAAABAAAAAQAAAEgAAAA=</a:base64Binary><a:base64Binary>sDYAAAUAAAD//v8Y1X6/fm6PMABfAHYAMAAuADEALgA0AC0AMgBAAKmAc1GCgl8AdgAwAC4AMQAuADQABAAAABAAAAABAAAAAQAAAEoAAAA=</a:base64Binary><a:base64Binary>sDYAAAUAAAD//v8dNgA3ADAAMgAtAFoAWgAoADEANQAtADIAMQAtADQAKQAtADEAQACpgHNRgoJfAHYAMAAuADEALgA0AAQAAAAQAAAAAQAAAAEAAABNAAAA</a:base64Binary><a:base64Binary>sDYAAAUAAAD//v8dNgA3ADAAMgAtAFoAWgAoADEANQAtADIAMQAtADQAKQAtADIAQACpgHNRgoJfAHYAMAAuADEALgA0AAQAAAAQAAAAAQAAAAEAAABQAAAA</a:base64Binary><a:base64Binary>sDYAAAUAAAD//v8ZNXU6Z3SPMAAxAF8AdgAwAC4AMQAuADQALQAxAEAAqYBzUYKCXwB2ADAALgAxAC4ANAAEAAAAEAAAAAEAAAABAAAAWgAAAA==</a:base64Binary><a:base64Binary>sDYAAAUAAAD//v8ZNXU6Z3SPMAAxAF8AdgAwAC4AMQAuADQALQAyAEAAqYBzUYKCXwB2ADAALgAxAC4ANAAEAAAAEAAAAAEAAAABAAAAbAAAAA==</a:base64Binary><a:base64Binary>sDYAAAUAAAD//v8cSgBIADEANwAtADEAMAAxAHNRgoIhasR+XwAWWdFTLQAyAEAAqYBzUYKCXwB2ADAALgAxAC4ANAAEAAAAEAAAAAEAAAABAAAA0AMAAA==</a:base64Binary><a:base64Binary>sDYAAAUAAAD//v8cSgBIADEANwAtADEAMAAxAHNRgoIhasR+XwAWWdFTLQAxAEAAqYBzUYKCXwB2ADAALgAxAC4ANAAEAAAAEAAAAAEAAAABAAAAbwMAAA==</a:base64Binary><a:base64Binary>sDYAAAUAAAD//v8fNgA4ADEANgAtAFoAWgAoADgAMAAtADEAMAAwAC0AMQAwACkALQAyAEAAqYBzUYKCXwB2ADAALgAxAC4ANAAEAAAAEAAAAAEAAAABAAAA1AMAAA==</a:base64Binary><a:base64Binary>sDYAAAUAAAD//v8fNgA4ADEANgAtAFoAWgAoADgAMAAtADEAMAAwAC0AMQAwACkALQAxAEAAqYBzUYKCXwB2ADAALgAxAC4ANAAEAAAAEAAAAAEAAAABAAAAsgMAAA==</a:base64Binary></SWComponentPIDs><SWMainComponentPID i:nil="true"/><Visual z:Ref="i83"/><isFixedFrame>false</isFixedFrame><isIncomplete>false</isIncomplete></Link></Children><Collision z:Ref="i29"/><Inertial z:Ref="i3"/><Joint z:Ref="i36"/><NameAttribute z:Ref="i2"/><Parent i:nil="true"/><STLQualityFine>false</STLQualityFine><SWComponentPIDs xmlns:a="http://schemas.microsoft.com/2003/10/Serialization/Arrays"><a:base64Binary>sDYAAAUAAAD//v8ZNXU6Z7ZnMAAxAF8AdgAwAC4AMQAuADQALQAxAEAAqYBzUYKCXwB2ADAALgAxAC4ANAAEAAAAEAAAAAEAAAABAAAAGQAAAA==</a:base64Binary><a:base64Binary>sDYAAAUAAAD//v8eNXU6Z/pWmlvej6Vj9k5fADAAMQBfAHYAMAAuADEALgA0AC0AMgBAAKmAc1GCgl8AdgAwAC4AMQAuADQABAAAABAAAAABAAAAAQAAAAcBAAA=</a:base64Binary><a:base64Binary>sDYAAAUAAAD//v8cSgBIADEANAAtADEAMAAxAHNRgoIhasR+XwAWWdFTLQAzAEAAqYBzUYKCXwB2ADAALgAxAC4ANAAEAAAAEAAAAAEAAAABAAAA3QAAAA==</a:base64Binary></SWComponentPIDs><SWMainComponentPID i:nil="true"/><Visual z:Ref="i16"/><isFixedFrame>false</isFixedFrame><isIncomplete>false</isIncomplete></Link>
2026-04-02 21:43:03,229 INFO  ExportHelperExtension.cs: 347 - Creating joint Link1
2026-04-02 21:43:03,644 WARN  ExportHelperExtension.cs: 351 - Creating joint from parent base to child Link1 failed
2026-04-02 21:43:05,651 INFO  ExportHelperExtension.cs: 347 - Creating joint Link2
2026-04-02 21:43:05,969 WARN  ExportHelperExtension.cs: 351 - Creating joint from parent Link1 to child Link2 failed
2026-04-02 21:43:06,593 INFO  ExportHelperExtension.cs: 347 - Creating joint Link3
2026-04-02 21:43:06,877 WARN  ExportHelperExtension.cs: 351 - Creating joint from parent Link2 to child Link3 failed
2026-04-02 21:43:07,224 INFO  ExportHelperExtension.cs: 1125 - Retrieving features of type [CoordSys] from ¼ç¹Ø½Ú_v0.1.4.SLDASM
2026-04-02 21:43:07,231 INFO  ExportHelperExtension.cs: 1136 - Found 278 in ¼ç¹Ø½Ú_v0.1.4.SLDASM
2026-04-02 21:43:07,233 INFO  ExportHelperExtension.cs: 1145 - Found 7 features of type [CoordSys] in ¼ç¹Ø½Ú_v0.1.4.SLDASM
2026-04-02 21:43:07,234 INFO  ExportHelperExtension.cs: 1148 - Proceeding through assembly components
2026-04-02 21:43:07,274 INFO  ExportHelperExtension.cs: 1160 - 118 components to check
2026-04-02 21:43:07,275 INFO  ExportHelperExtension.cs: 1125 - Retrieving features of type [CoordSys] from 7008(40-68-15)-2
2026-04-02 21:43:07,276 INFO  ExportHelperExtension.cs: 1136 - Found 5 in 7008(40-68-15)-2
2026-04-02 21:43:07,277 INFO  ExportHelperExtension.cs: 1145 - Found 0 features of type [CoordSys] in 7008(40-68-15)-2
2026-04-02 21:43:07,277 INFO  ExportHelperExtension.cs: 1125 - Retrieving features of type [CoordSys] from 7008(40-68-15)-1
2026-04-02 21:43:07,277 INFO  ExportHelperExtension.cs: 1136 - Found 5 in 7008(40-68-15)-1
2026-04-02 21:43:07,279 INFO  ExportHelperExtension.cs: 1145 - Found 0 features of type [CoordSys] in 7008(40-68-15)-1
2026-04-02 21:43:07,280 INFO  ExportHelperExtension.cs: 1125 - Retrieving features of type [CoordSys] from ¿¨¿Û01_v0.1.4-2
2026-04-02 21:43:07,281 INFO  ExportHelperExtension.cs: 1136 - Found 55 in ¿¨¿Û01_v0.1.4-2
2026-04-02 21:43:07,281 INFO  ExportHelperExtension.cs: 1145 - Found 0 features of type [CoordSys] in ¿¨¿Û01_v0.1.4-2
2026-04-02 21:43:07,282 INFO  ExportHelperExtension.cs: 1125 - Retrieving features of type [CoordSys] from Öá01_v0.1.4-1
2026-04-02 21:43:07,283 INFO  ExportHelperExtension.cs: 1136 - Found 37 in Öá01_v0.1.4-1
2026-04-02 21:43:07,283 INFO  ExportHelperExtension.cs: 1145 - Found 0 features of type [CoordSys] in Öá01_v0.1.4-1
2026-04-02 21:43:07,284 INFO  ExportHelperExtension.cs: 1125 - Retrieving features of type [CoordSys] from µç»úÖá01_v0.1.4-1
2026-04-02 21:43:07,285 INFO  ExportHelperExtension.cs: 1136 - Found 39 in µç»úÖá01_v0.1.4-1
2026-04-02 21:43:07,285 INFO  ExportHelperExtension.cs: 1145 - Found 0 features of type [CoordSys] in µç»úÖá01_v0.1.4-1
2026-04-02 21:43:07,286 INFO  ExportHelperExtension.cs: 1125 - Retrieving features of type [CoordSys] from µç»úÖá01_v0.1.4-2
2026-04-02 21:43:07,286 INFO  ExportHelperExtension.cs: 1136 - Found 39 in µç»úÖá01_v0.1.4-2
2026-04-02 21:43:07,287 INFO  ExportHelperExtension.cs: 1145 - Found 0 features of type [CoordSys] in µç»úÖá01_v0.1.4-2
2026-04-02 21:43:07,288 INFO  ExportHelperExtension.cs: 1125 - Retrieving features of type [CoordSys] from µ¼ÏòÂÖÖá_01_v0.1.4-1
2026-04-02 21:43:07,288 INFO  ExportHelperExtension.cs: 1136 - Found 27 in µ¼ÏòÂÖÖá_01_v0.1.4-1
2026-04-02 21:43:07,289 INFO  ExportHelperExtension.cs: 1145 - Found 0 features of type [CoordSys] in µ¼ÏòÂÖÖá_01_v0.1.4-1
2026-04-02 21:43:07,290 INFO  ExportHelperExtension.cs: 1125 - Retrieving features of type [CoordSys] from ÈÆÏßÂÖ0_v0.1.4-1
2026-04-02 21:43:07,291 INFO  ExportHelperExtension.cs: 1136 - Found 63 in ÈÆÏßÂÖ0_v0.1.4-1
2026-04-02 21:43:07,292 INFO  ExportHelperExtension.cs: 1145 - Found 0 features of type [CoordSys] in ÈÆÏßÂÖ0_v0.1.4-1
2026-04-02 21:43:07,292 INFO  ExportHelperExtension.cs: 1125 - Retrieving features of type [CoordSys] from GB£¯T276-94Éî¹µÇòÖá³Ð619£¯4-2
2026-04-02 21:43:07,293 INFO  ExportHelperExtension.cs: 1136 - Found 39 in GB£¯T276-94Éî¹µÇòÖá³Ð619£¯4-2
2026-04-02 21:43:07,294 INFO  ExportHelperExtension.cs: 1145 - Found 0 features of type [CoordSys] in GB£¯T276-94Éî¹µÇòÖá³Ð619£¯4-2
2026-04-02 21:43:07,295 INFO  ExportHelperExtension.cs: 1125 - Retrieving features of type [CoordSys] from µç»ú¼Ü01_v0.1.4-1
2026-04-02 21:43:07,296 INFO  ExportHelperExtension.cs: 1136 - Found 41 in µç»ú¼Ü01_v0.1.4-1
2026-04-02 21:43:07,296 INFO  ExportHelperExtension.cs: 1145 - Found 0 features of type [CoordSys] in µç»ú¼Ü01_v0.1.4-1
2026-04-02 21:43:07,297 INFO  ExportHelperExtension.cs: 1125 - Retrieving features of type [CoordSys] from ÈÆÏßÂÖ0_v0.1.4-2
2026-04-02 21:43:07,297 INFO  ExportHelperExtension.cs: 1136 - Found 63 in ÈÆÏßÂÖ0_v0.1.4-2
2026-04-02 21:43:07,299 INFO  ExportHelperExtension.cs: 1145 - Found 0 features of type [CoordSys] in ÈÆÏßÂÖ0_v0.1.4-2
2026-04-02 21:43:07,300 INFO  ExportHelperExtension.cs: 1125 - Retrieving features of type [CoordSys] from µç»úÖ§¼Ü_v0.1.4-1
2026-04-02 21:43:07,301 INFO  ExportHelperExtension.cs: 1136 - Found 61 in µç»úÖ§¼Ü_v0.1.4-1
2026-04-02 21:43:07,301 INFO  ExportHelperExtension.cs: 1145 - Found 0 features of type [CoordSys] in µç»úÖ§¼Ü_v0.1.4-1
2026-04-02 21:43:07,302 INFO  ExportHelperExtension.cs: 1125 - Retrieving features of type [CoordSys] from 6702-ZZ(15-21-4)-1
2026-04-02 21:43:07,302 INFO  ExportHelperExtension.cs: 1136 - Found 34 in 6702-ZZ(15-21-4)-1
2026-04-02 21:43:07,303 INFO  ExportHelperExtension.cs: 1145 - Found 0 features of type [CoordSys] in 6702-ZZ(15-21-4)-1
2026-04-02 21:43:07,303 INFO  ExportHelperExtension.cs: 1125 - Retrieving features of type [CoordSys] from 6702-ZZ(15-21-4)-2
2026-04-02 21:43:07,304 INFO  ExportHelperExtension.cs: 1136 - Found 34 in 6702-ZZ(15-21-4)-2
2026-04-02 21:43:07,305 INFO  ExportHelperExtension.cs: 1145 - Found 0 features of type [CoordSys] in 6702-ZZ(15-21-4)-2
2026-04-02 21:43:07,305 INFO  ExportHelperExtension.cs: 1125 - Retrieving features of type [CoordSys] from ¿¨¿Û01_v0.1.4-1
2026-04-02 21:43:07,306 INFO  ExportHelperExtension.cs: 1136 - Found 55 in ¿¨¿Û01_v0.1.4-1
2026-04-02 21:43:07,307 INFO  ExportHelperExtension.cs: 1145 - Found 0 features of type [CoordSys] in ¿¨¿Û01_v0.1.4-1
2026-04-02 21:43:07,307 INFO  ExportHelperExtension.cs: 1125 - Retrieving features of type [CoordSys] from ±Û01_v0.1.4-1
2026-04-02 21:43:07,308 INFO  ExportHelperExtension.cs: 1136 - Found 174 in ±Û01_v0.1.4-1
2026-04-02 21:43:07,309 INFO  ExportHelperExtension.cs: 1145 - Found 0 features of type [CoordSys] in ±Û01_v0.1.4-1
2026-04-02 21:43:07,310 INFO  ExportHelperExtension.cs: 1125 - Retrieving features of type [CoordSys] from µ¼ÏòÂÖ_01_v0.1.4-1
2026-04-02 21:43:07,311 INFO  ExportHelperExtension.cs: 1136 - Found 27 in µ¼ÏòÂÖ_01_v0.1.4-1
2026-04-02 21:43:07,311 INFO  ExportHelperExtension.cs: 1145 - Found 0 features of type [CoordSys] in µ¼ÏòÂÖ_01_v0.1.4-1
2026-04-02 21:43:07,312 INFO  ExportHelperExtension.cs: 1125 - Retrieving features of type [CoordSys] from GB£¯T276-94Éî¹µÇòÖá³Ð619£¯4-1
2026-04-02 21:43:07,312 INFO  ExportHelperExtension.cs: 1136 - Found 39 in GB£¯T276-94Éî¹µÇòÖá³Ð619£¯4-1
2026-04-02 21:43:07,312 INFO  ExportHelperExtension.cs: 1145 - Found 0 features of type [CoordSys] in GB£¯T276-94Éî¹µÇòÖá³Ð619£¯4-1
2026-04-02 21:43:07,314 INFO  ExportHelperExtension.cs: 1125 - Retrieving features of type [CoordSys] from µ¼ÏòÂÖ_01_v0.1.4-2
2026-04-02 21:43:07,314 INFO  ExportHelperExtension.cs: 1136 - Found 27 in µ¼ÏòÂÖ_01_v0.1.4-2
2026-04-02 21:43:07,315 INFO  ExportHelperExtension.cs: 1145 - Found 0 features of type [CoordSys] in µ¼ÏòÂÖ_01_v0.1.4-2
2026-04-02 21:43:07,315 INFO  ExportHelperExtension.cs: 1125 - Retrieving features of type [CoordSys] from µç»ú¹Ì¶¨Á¬½Ó¼þ_01_v0.1.4-2
2026-04-02 21:43:07,316 INFO  ExportHelperExtension.cs: 1136 - Found 46 in µç»ú¹Ì¶¨Á¬½Ó¼þ_01_v0.1.4-2
2026-04-02 21:43:07,316 INFO  ExportHelperExtension.cs: 1145 - Found 0 features of type [CoordSys] in µç»ú¹Ì¶¨Á¬½Ó¼þ_01_v0.1.4-2
2026-04-02 21:43:07,317 INFO  ExportHelperExtension.cs: 1125 - Retrieving features of type [CoordSys] from JH14-101¹Ø½ÚÄ£×é_Íâ·¢-3
2026-04-02 21:43:07,317 INFO  ExportHelperExtension.cs: 1136 - Found 36 in JH14-101¹Ø½ÚÄ£×é_Íâ·¢-3
2026-04-02 21:43:07,318 INFO  ExportHelperExtension.cs: 1145 - Found 0 features of type [CoordSys] in JH14-101¹Ø½ÚÄ£×é_Íâ·¢-3
2026-04-02 21:43:07,318 INFO  ExportHelperExtension.cs: 1125 - Retrieving features of type [CoordSys] from µç»ú´«¶¯Á¬½Ó¼þ_01_v0.1.4-1
2026-04-02 21:43:07,319 INFO  ExportHelperExtension.cs: 1136 - Found 31 in µç»ú´«¶¯Á¬½Ó¼þ_01_v0.1.4-1
2026-04-02 21:43:07,319 INFO  ExportHelperExtension.cs: 1145 - Found 0 features of type [CoordSys] in µç»ú´«¶¯Á¬½Ó¼þ_01_v0.1.4-1
2026-04-02 21:43:07,320 INFO  ExportHelperExtension.cs: 1125 - Retrieving features of type [CoordSys] from µ¼ÏòÖáÌ×_01_v0.1.4-1
2026-04-02 21:43:07,320 INFO  ExportHelperExtension.cs: 1136 - Found 27 in µ¼ÏòÖáÌ×_01_v0.1.4-1
2026-04-02 21:43:07,321 INFO  ExportHelperExtension.cs: 1145 - Found 0 features of type [CoordSys] in µ¼ÏòÖáÌ×_01_v0.1.4-1
2026-04-02 21:43:07,322 INFO  ExportHelperExtension.cs: 1125 - Retrieving features of type [CoordSys] from µ¼ÏòÖáÌ×_01_v0.1.4-2
2026-04-02 21:43:07,322 INFO  ExportHelperExtension.cs: 1136 - Found 27 in µ¼ÏòÖáÌ×_01_v0.1.4-2
2026-04-02 21:43:07,323 INFO  ExportHelperExtension.cs: 1145 - Found 0 features of type [CoordSys] in µ¼ÏòÖáÌ×_01_v0.1.4-2
2026-04-02 21:43:07,323 INFO  ExportHelperExtension.cs: 1125 - Retrieving features of type [CoordSys] from 6816-ZZ(80-100-10)-1
2026-04-02 21:43:07,323 INFO  ExportHelperExtension.cs: 1136 - Found 5 in 6816-ZZ(80-100-10)-1
2026-04-02 21:43:07,324 INFO  ExportHelperExtension.cs: 1145 - Found 0 features of type [CoordSys] in 6816-ZZ(80-100-10)-1
2026-04-02 21:43:07,325 INFO  ExportHelperExtension.cs: 1125 - Retrieving features of type [CoordSys] from 6816-ZZ(80-100-10)-2
2026-04-02 21:43:07,325 INFO  ExportHelperExtension.cs: 1136 - Found 5 in 6816-ZZ(80-100-10)-2
2026-04-02 21:43:07,326 INFO  ExportHelperExtension.cs: 1145 - Found 0 features of type [CoordSys] in 6816-ZZ(80-100-10)-2
2026-04-02 21:43:07,326 INFO  ExportHelperExtension.cs: 1125 - Retrieving features of type [CoordSys] from JH17-101¹Ø½ÚÄ£×é_Íâ·¢-1
2026-04-02 21:43:07,327 INFO  ExportHelperExtension.cs: 1136 - Found 36 in JH17-101¹Ø½ÚÄ£×é_Íâ·¢-1
2026-04-02 21:43:07,327 INFO  ExportHelperExtension.cs: 1145 - Found 0 features of type [CoordSys] in JH17-101¹Ø½ÚÄ£×é_Íâ·¢-1
2026-04-02 21:43:07,328 INFO  ExportHelperExtension.cs: 1125 - Retrieving features of type [CoordSys] from JH17-101¹Ø½ÚÄ£×é_Íâ·¢-2
2026-04-02 21:43:07,328 INFO  ExportHelperExtension.cs: 1136 - Found 36 in JH17-101¹Ø½ÚÄ£×é_Íâ·¢-2
2026-04-02 21:43:07,329 INFO  ExportHelperExtension.cs: 1145 - Found 0 features of type [CoordSys] in JH17-101¹Ø½ÚÄ£×é_Íâ·¢-2
2026-04-02 21:43:07,329 INFO  ExportHelperExtension.cs: 1125 - Retrieving features of type [RefAxis] from ¼ç¹Ø½Ú_v0.1.4.SLDASM
2026-04-02 21:43:07,330 INFO  ExportHelperExtension.cs: 1136 - Found 278 in ¼ç¹Ø½Ú_v0.1.4.SLDASM
2026-04-02 21:43:07,331 INFO  ExportHelperExtension.cs: 1145 - Found 6 features of type [RefAxis] in ¼ç¹Ø½Ú_v0.1.4.SLDASM
2026-04-02 21:43:07,331 INFO  ExportHelperExtension.cs: 1148 - Proceeding through assembly components
2026-04-02 21:43:07,332 INFO  ExportHelperExtension.cs: 1160 - 118 components to check
2026-04-02 21:43:07,333 INFO  ExportHelperExtension.cs: 1125 - Retrieving features of type [RefAxis] from 7008(40-68-15)-2
2026-04-02 21:43:07,333 INFO  ExportHelperExtension.cs: 1136 - Found 5 in 7008(40-68-15)-2
2026-04-02 21:43:07,334 INFO  ExportHelperExtension.cs: 1145 - Found 0 features of type [RefAxis] in 7008(40-68-15)-2
2026-04-02 21:43:07,335 INFO  ExportHelperExtension.cs: 1125 - Retrieving features of type [RefAxis] from 7008(40-68-15)-1
2026-04-02 21:43:07,335 INFO  ExportHelperExtension.cs: 1136 - Found 5 in 7008(40-68-15)-1
2026-04-02 21:43:07,336 INFO  ExportHelperExtension.cs: 1145 - Found 0 features of type [RefAxis] in 7008(40-68-15)-1
2026-04-02 21:43:07,336 INFO  ExportHelperExtension.cs: 1125 - Retrieving features of type [RefAxis] from ¿¨¿Û01_v0.1.4-2
2026-04-02 21:43:07,337 INFO  ExportHelperExtension.cs: 1136 - Found 55 in ¿¨¿Û01_v0.1.4-2
2026-04-02 21:43:07,337 INFO  ExportHelperExtension.cs: 1145 - Found 0 features of type [RefAxis] in ¿¨¿Û01_v0.1.4-2
2026-04-02 21:43:07,338 INFO  ExportHelperExtension.cs: 1125 - Retrieving features of type [RefAxis] from Öá01_v0.1.4-1
2026-04-02 21:43:07,338 INFO  ExportHelperExtension.cs: 1136 - Found 37 in Öá01_v0.1.4-1
2026-04-02 21:43:07,339 INFO  ExportHelperExtension.cs: 1145 - Found 0 features of type [RefAxis] in Öá01_v0.1.4-1
2026-04-02 21:43:07,339 INFO  ExportHelperExtension.cs: 1125 - Retrieving features of type [RefAxis] from µç»úÖá01_v0.1.4-1
2026-04-02 21:43:07,340 INFO  ExportHelperExtension.cs: 1136 - Found 39 in µç»úÖá01_v0.1.4-1
2026-04-02 21:43:07,340 INFO  ExportHelperExtension.cs: 1145 - Found 0 features of type [RefAxis] in µç»úÖá01_v0.1.4-1
2026-04-02 21:43:07,341 INFO  ExportHelperExtension.cs: 1125 - Retrieving features of type [RefAxis] from µç»úÖá01_v0.1.4-2
2026-04-02 21:43:07,341 INFO  ExportHelperExtension.cs: 1136 - Found 39 in µç»úÖá01_v0.1.4-2
2026-04-02 21:43:07,342 INFO  ExportHelperExtension.cs: 1145 - Found 0 features of type [RefAxis] in µç»úÖá01_v0.1.4-2
2026-04-02 21:43:07,342 INFO  ExportHelperExtension.cs: 1125 - Retrieving features of type [RefAxis] from µ¼ÏòÂÖÖá_01_v0.1.4-1
2026-04-02 21:43:07,343 INFO  ExportHelperExtension.cs: 1136 - Found 27 in µ¼ÏòÂÖÖá_01_v0.1.4-1
2026-04-02 21:43:07,343 INFO  ExportHelperExtension.cs: 1145 - Found 0 features of type [RefAxis] in µ¼ÏòÂÖÖá_01_v0.1.4-1
2026-04-02 21:43:07,344 INFO  ExportHelperExtension.cs: 1125 - Retrieving features of type [RefAxis] from ÈÆÏßÂÖ0_v0.1.4-1
2026-04-02 21:43:07,344 INFO  ExportHelperExtension.cs: 1136 - Found 63 in ÈÆÏßÂÖ0_v0.1.4-1
2026-04-02 21:43:07,345 INFO  ExportHelperExtension.cs: 1145 - Found 0 features of type [RefAxis] in ÈÆÏßÂÖ0_v0.1.4-1
2026-04-02 21:43:07,355 INFO  ExportHelperExtension.cs: 1125 - Retrieving features of type [RefAxis] from GB£¯T276-94Éî¹µÇòÖá³Ð619£¯4-2
2026-04-02 21:43:07,359 INFO  ExportHelperExtension.cs: 1136 - Found 39 in GB£¯T276-94Éî¹µÇòÖá³Ð619£¯4-2
2026-04-02 21:43:07,360 INFO  ExportHelperExtension.cs: 1145 - Found 0 features of type [RefAxis] in GB£¯T276-94Éî¹µÇòÖá³Ð619£¯4-2
2026-04-02 21:43:07,360 INFO  ExportHelperExtension.cs: 1125 - Retrieving features of type [RefAxis] from µç»ú¼Ü01_v0.1.4-1
2026-04-02 21:43:07,361 INFO  ExportHelperExtension.cs: 1136 - Found 41 in µç»ú¼Ü01_v0.1.4-1
2026-04-02 21:43:07,363 INFO  ExportHelperExtension.cs: 1145 - Found 0 features of type [RefAxis] in µç»ú¼Ü01_v0.1.4-1
2026-04-02 21:43:07,363 INFO  ExportHelperExtension.cs: 1125 - Retrieving features of type [RefAxis] from ÈÆÏßÂÖ0_v0.1.4-2
2026-04-02 21:43:07,363 INFO  ExportHelperExtension.cs: 1136 - Found 63 in ÈÆÏßÂÖ0_v0.1.4-2
2026-04-02 21:43:07,364 INFO  ExportHelperExtension.cs: 1145 - Found 0 features of type [RefAxis] in ÈÆÏßÂÖ0_v0.1.4-2
2026-04-02 21:43:07,364 INFO  ExportHelperExtension.cs: 1125 - Retrieving features of type [RefAxis] from µç»úÖ§¼Ü_v0.1.4-1
2026-04-02 21:43:07,365 INFO  ExportHelperExtension.cs: 1136 - Found 61 in µç»úÖ§¼Ü_v0.1.4-1
2026-04-02 21:43:07,365 INFO  ExportHelperExtension.cs: 1145 - Found 0 features of type [RefAxis] in µç»úÖ§¼Ü_v0.1.4-1
2026-04-02 21:43:07,366 INFO  ExportHelperExtension.cs: 1125 - Retrieving features of type [RefAxis] from 6702-ZZ(15-21-4)-1
2026-04-02 21:43:07,366 INFO  ExportHelperExtension.cs: 1136 - Found 34 in 6702-ZZ(15-21-4)-1
2026-04-02 21:43:07,367 INFO  ExportHelperExtension.cs: 1145 - Found 0 features of type [RefAxis] in 6702-ZZ(15-21-4)-1
2026-04-02 21:43:07,367 INFO  ExportHelperExtension.cs: 1125 - Retrieving features of type [RefAxis] from 6702-ZZ(15-21-4)-2
2026-04-02 21:43:07,368 INFO  ExportHelperExtension.cs: 1136 - Found 34 in 6702-ZZ(15-21-4)-2
2026-04-02 21:43:07,368 INFO  ExportHelperExtension.cs: 1145 - Found 0 features of type [RefAxis] in 6702-ZZ(15-21-4)-2
2026-04-02 21:43:07,369 INFO  ExportHelperExtension.cs: 1125 - Retrieving features of type [RefAxis] from ¿¨¿Û01_v0.1.4-1
2026-04-02 21:43:07,370 INFO  ExportHelperExtension.cs: 1136 - Found 55 in ¿¨¿Û01_v0.1.4-1
2026-04-02 21:43:07,370 INFO  ExportHelperExtension.cs: 1145 - Found 0 features of type [RefAxis] in ¿¨¿Û01_v0.1.4-1
2026-04-02 21:43:07,371 INFO  ExportHelperExtension.cs: 1125 - Retrieving features of type [RefAxis] from ±Û01_v0.1.4-1
2026-04-02 21:43:07,371 INFO  ExportHelperExtension.cs: 1136 - Found 174 in ±Û01_v0.1.4-1
2026-04-02 21:43:07,372 INFO  ExportHelperExtension.cs: 1145 - Found 0 features of type [RefAxis] in ±Û01_v0.1.4-1
2026-04-02 21:43:07,373 INFO  ExportHelperExtension.cs: 1125 - Retrieving features of type [RefAxis] from µ¼ÏòÂÖ_01_v0.1.4-1
2026-04-02 21:43:07,373 INFO  ExportHelperExtension.cs: 1136 - Found 27 in µ¼ÏòÂÖ_01_v0.1.4-1
2026-04-02 21:43:07,374 INFO  ExportHelperExtension.cs: 1145 - Found 0 features of type [RefAxis] in µ¼ÏòÂÖ_01_v0.1.4-1
2026-04-02 21:43:07,374 INFO  ExportHelperExtension.cs: 1125 - Retrieving features of type [RefAxis] from GB£¯T276-94Éî¹µÇòÖá³Ð619£¯4-1
2026-04-02 21:43:07,375 INFO  ExportHelperExtension.cs: 1136 - Found 39 in GB£¯T276-94Éî¹µÇòÖá³Ð619£¯4-1
2026-04-02 21:43:07,375 INFO  ExportHelperExtension.cs: 1145 - Found 0 features of type [RefAxis] in GB£¯T276-94Éî¹µÇòÖá³Ð619£¯4-1
2026-04-02 21:43:07,376 INFO  ExportHelperExtension.cs: 1125 - Retrieving features of type [RefAxis] from µ¼ÏòÂÖ_01_v0.1.4-2
2026-04-02 21:43:07,377 INFO  ExportHelperExtension.cs: 1136 - Found 27 in µ¼ÏòÂÖ_01_v0.1.4-2
2026-04-02 21:43:07,377 INFO  ExportHelperExtension.cs: 1145 - Found 0 features of type [RefAxis] in µ¼ÏòÂÖ_01_v0.1.4-2
2026-04-02 21:43:07,379 INFO  ExportHelperExtension.cs: 1125 - Retrieving features of type [RefAxis] from µç»ú¹Ì¶¨Á¬½Ó¼þ_01_v0.1.4-2
2026-04-02 21:43:07,379 INFO  ExportHelperExtension.cs: 1136 - Found 46 in µç»ú¹Ì¶¨Á¬½Ó¼þ_01_v0.1.4-2
2026-04-02 21:43:07,380 INFO  ExportHelperExtension.cs: 1145 - Found 0 features of type [RefAxis] in µç»ú¹Ì¶¨Á¬½Ó¼þ_01_v0.1.4-2
2026-04-02 21:43:07,381 INFO  ExportHelperExtension.cs: 1125 - Retrieving features of type [RefAxis] from JH14-101¹Ø½ÚÄ£×é_Íâ·¢-3
2026-04-02 21:43:07,382 INFO  ExportHelperExtension.cs: 1136 - Found 36 in JH14-101¹Ø½ÚÄ£×é_Íâ·¢-3
2026-04-02 21:43:07,383 INFO  ExportHelperExtension.cs: 1145 - Found 0 features of type [RefAxis] in JH14-101¹Ø½ÚÄ£×é_Íâ·¢-3
2026-04-02 21:43:07,383 INFO  ExportHelperExtension.cs: 1125 - Retrieving features of type [RefAxis] from µç»ú´«¶¯Á¬½Ó¼þ_01_v0.1.4-1
2026-04-02 21:43:07,384 INFO  ExportHelperExtension.cs: 1136 - Found 31 in µç»ú´«¶¯Á¬½Ó¼þ_01_v0.1.4-1
2026-04-02 21:43:07,385 INFO  ExportHelperExtension.cs: 1145 - Found 0 features of type [RefAxis] in µç»ú´«¶¯Á¬½Ó¼þ_01_v0.1.4-1
2026-04-02 21:43:07,385 INFO  ExportHelperExtension.cs: 1125 - Retrieving features of type [RefAxis] from µ¼ÏòÖáÌ×_01_v0.1.4-1
2026-04-02 21:43:07,385 INFO  ExportHelperExtension.cs: 1136 - Found 27 in µ¼ÏòÖáÌ×_01_v0.1.4-1
2026-04-02 21:43:07,387 INFO  ExportHelperExtension.cs: 1145 - Found 0 features of type [RefAxis] in µ¼ÏòÖáÌ×_01_v0.1.4-1
2026-04-02 21:43:07,387 INFO  ExportHelperExtension.cs: 1125 - Retrieving features of type [RefAxis] from µ¼ÏòÖáÌ×_01_v0.1.4-2
2026-04-02 21:43:07,388 INFO  ExportHelperExtension.cs: 1136 - Found 27 in µ¼ÏòÖáÌ×_01_v0.1.4-2
2026-04-02 21:43:07,388 INFO  ExportHelperExtension.cs: 1145 - Found 0 features of type [RefAxis] in µ¼ÏòÖáÌ×_01_v0.1.4-2
2026-04-02 21:43:07,389 INFO  ExportHelperExtension.cs: 1125 - Retrieving features of type [RefAxis] from 6816-ZZ(80-100-10)-1
2026-04-02 21:43:07,389 INFO  ExportHelperExtension.cs: 1136 - Found 5 in 6816-ZZ(80-100-10)-1
2026-04-02 21:43:07,390 INFO  ExportHelperExtension.cs: 1145 - Found 0 features of type [RefAxis] in 6816-ZZ(80-100-10)-1
2026-04-02 21:43:07,390 INFO  ExportHelperExtension.cs: 1125 - Retrieving features of type [RefAxis] from 6816-ZZ(80-100-10)-2
2026-04-02 21:43:07,390 INFO  ExportHelperExtension.cs: 1136 - Found 5 in 6816-ZZ(80-100-10)-2
2026-04-02 21:43:07,391 INFO  ExportHelperExtension.cs: 1145 - Found 0 features of type [RefAxis] in 6816-ZZ(80-100-10)-2
2026-04-02 21:43:07,391 INFO  ExportHelperExtension.cs: 1125 - Retrieving features of type [RefAxis] from JH17-101¹Ø½ÚÄ£×é_Íâ·¢-1
2026-04-02 21:43:07,392 INFO  ExportHelperExtension.cs: 1136 - Found 36 in JH17-101¹Ø½ÚÄ£×é_Íâ·¢-1
2026-04-02 21:43:07,392 INFO  ExportHelperExtension.cs: 1145 - Found 0 features of type [RefAxis] in JH17-101¹Ø½ÚÄ£×é_Íâ·¢-1
2026-04-02 21:43:07,393 INFO  ExportHelperExtension.cs: 1125 - Retrieving features of type [RefAxis] from JH17-101¹Ø½ÚÄ£×é_Íâ·¢-2
2026-04-02 21:43:07,393 INFO  ExportHelperExtension.cs: 1136 - Found 36 in JH17-101¹Ø½ÚÄ£×é_Íâ·¢-2
2026-04-02 21:43:07,394 INFO  ExportHelperExtension.cs: 1145 - Found 0 features of type [RefAxis] in JH17-101¹Ø½ÚÄ£×é_Íâ·¢-2
2026-04-02 21:43:07,519 INFO  ExportPropertyManager.cs: 1142 - AfterClose called. This method no longer throws an Exception. It just silently does nothing. Ok, except for this logging message
2026-04-02 21:43:32,114 INFO  AssemblyExportForm.cs: 253 - Completing URDF export
2026-04-02 21:43:32,119 INFO  ConfigurationSerialization.cs: 276 - URDF Configuration found
<Link z:Id="i1" xmlns="http://schemas.datacontract.org/2004/07/SW2URDF" xmlns:i="http://www.w3.org/2001/XMLSchema-instance" xmlns:z="http://schemas.microsoft.com/2003/10/Serialization/"><Attributes><Attribute z:Id="i2"><AttributeType>name</AttributeType><IsRequired>true</IsRequired><Value i:type="a:string" xmlns:a="http://www.w3.org/2001/XMLSchema">base</Value></Attribute></Attributes><ChildElements><URDFElement z:Id="i3" i:type="Inertial"><Attributes/><ChildElements><URDFElement z:Id="i4" i:type="Origin"><Attributes><Attribute z:Id="i5"><AttributeType>xyz</AttributeType><IsRequired>true</IsRequired><Value i:type="a:ArrayOfdouble" xmlns:a="http://schemas.microsoft.com/2003/10/Serialization/Arrays"><a:double>0.013221637830112409</a:double><a:double>-0.000996198393258107</a:double><a:double>-6.3000813811339471E-05</a:double></Value></Attribute><Attribute z:Id="i6"><AttributeType>rpy</AttributeType><IsRequired>true</IsRequired><Value i:type="a:ArrayOfdouble" xmlns:a="http://schemas.microsoft.com/2003/10/Serialization/Arrays"><a:double>0</a:double><a:double>0</a:double><a:double>0</a:double></Value></Attribute></Attributes><ChildElements/><ElementName>origin</ElementName><required>false</required><RPYAttribute z:Ref="i6"/><XYZAttribute z:Ref="i5"/><isCustomized>false</isCustomized></URDFElement><URDFElement z:Id="i7" i:type="Mass"><Attributes><Attribute z:Id="i8"><AttributeType>value</AttributeType><IsRequired>true</IsRequired><Value i:type="a:double" xmlns:a="http://www.w3.org/2001/XMLSchema">0.53128192095505489</Value></Attribute></Attributes><ChildElements/><ElementName>mass</ElementName><required>false</required><ValueAttribute z:Ref="i8"/></URDFElement><URDFElement z:Id="i9" i:type="Inertia"><Attributes><Attribute z:Id="i10"><AttributeType>ixx</AttributeType><IsRequired>true</IsRequired><Value i:type="a:double" xmlns:a="http://www.w3.org/2001/XMLSchema">0.00049655311227115575</Value></Attribute><Attribute z:Id="i11"><AttributeType>ixy</AttributeType><IsRequired>true</IsRequired><Value i:type="a:double" xmlns:a="http://www.w3.org/2001/XMLSchema">-2.3701256762520261E-06</Value></Attribute><Attribute z:Id="i12"><AttributeType>ixz</AttributeType><IsRequired>true</IsRequired><Value i:type="a:double" xmlns:a="http://www.w3.org/2001/XMLSchema">-6.6271100020447986E-09</Value></Attribute><Attribute z:Id="i13"><AttributeType>iyy</AttributeType><IsRequired>true</IsRequired><Value i:type="a:double" xmlns:a="http://www.w3.org/2001/XMLSchema">0.000718253071215075</Value></Attribute><Attribute z:Id="i14"><AttributeType>iyz</AttributeType><IsRequired>true</IsRequired><Value i:type="a:double" xmlns:a="http://www.w3.org/2001/XMLSchema">-8.9629571509230565E-07</Value></Attribute><Attribute z:Id="i15"><AttributeType>izz</AttributeType><IsRequired>true</IsRequired><Value i:type="a:double" xmlns:a="http://www.w3.org/2001/XMLSchema">0.00053368370295943965</Value></Attribute></Attributes><ChildElements/><ElementName>inertia</ElementName><required>false</required><IxxAttribute z:Ref="i10"/><IxyAttribute z:Ref="i11"/><IxzAttribute z:Ref="i12"/><IyyAttribute z:Ref="i13"/><IyzAttribute z:Ref="i14"/><IzzAttribute z:Ref="i15"/></URDFElement></ChildElements><ElementName>inertial</ElementName><required>false</required><Inertia z:Ref="i9"/><Mass z:Ref="i7"/><Origin z:Ref="i4"/></URDFElement><URDFElement z:Id="i16" i:type="Visual"><Attributes/><ChildElements><URDFElement z:Id="i17" i:type="Origin"><Attributes><Attribute z:Id="i18"><AttributeType>xyz</AttributeType><IsRequired>true</IsRequired><Value i:type="a:ArrayOfdouble" xmlns:a="http://schemas.microsoft.com/2003/10/Serialization/Arrays"><a:double>0</a:double><a:double>0</a:double><a:double>0</a:double></Value></Attribute><Attribute z:Id="i19"><AttributeType>rpy</AttributeType><IsRequired>true</IsRequired><Value i:type="a:ArrayOfdouble" xmlns:a="http://schemas.microsoft.com/2003/10/Serialization/Arrays"><a:double>0</a:double><a:double>0</a:double><a:double>0</a:double></Value></Attribute></Attributes><ChildElements/><ElementName>origin</ElementName><required>false</required><RPYAttribute z:Ref="i19"/><XYZAttribute z:Ref="i18"/><isCustomized>false</isCustomized></URDFElement><URDFElement z:Id="i20" i:type="Geometry"><Attributes/><ChildElements><URDFElement z:Id="i21" i:type="Mesh"><Attributes><Attribute z:Id="i22"><AttributeType>filename</AttributeType><IsRequired>true</IsRequired><Value i:nil="true"/></Attribute></Attributes><ChildElements/><ElementName>mesh</ElementName><required>false</required><FilenameAttribute z:Ref="i22"/></URDFElement></ChildElements><ElementName>geometry</ElementName><required>true</required><Mesh z:Ref="i21"/></URDFElement><URDFElement z:Id="i23" i:type="Material"><Attributes><Attribute z:Id="i24"><AttributeType>name</AttributeType><IsRequired>true</IsRequired><Value i:type="a:string" xmlns:a="http://www.w3.org/2001/XMLSchema"/></Attribute></Attributes><ChildElements><URDFElement z:Id="i25" i:type="Color"><Attributes><Attribute z:Id="i26"><AttributeType>rgba</AttributeType><IsRequired>true</IsRequired><Value i:type="a:ArrayOfdouble" xmlns:a="http://schemas.microsoft.com/2003/10/Serialization/Arrays"><a:double>0.792156862745098</a:double><a:double>0.81960784313725488</a:double><a:double>0.93333333333333335</a:double><a:double>1</a:double></Value></Attribute></Attributes><ChildElements/><ElementName>color</ElementName><required>false</required><RGBAAttribute z:Ref="i26"/></URDFElement><URDFElement z:Id="i27" i:type="Texture"><Attributes><Attribute z:Id="i28"><AttributeType>filename</AttributeType><IsRequired>true</IsRequired><Value i:nil="true"/></Attribute></Attributes><ChildElements/><ElementName>texture</ElementName><required>false</required><FilenameAttribute z:Ref="i28"/><wFilename/></URDFElement></ChildElements><ElementName>material</ElementName><required>false</required><Color z:Ref="i25"/><NameAttribute z:Ref="i24"/><Texture z:Ref="i27"/></URDFElement></ChildElements><ElementName>visual</ElementName><required>false</required><Geometry z:Ref="i20"/><Material z:Ref="i23"/><Origin z:Ref="i17"/></URDFElement><URDFElement z:Id="i29" i:type="Collision"><Attributes/><ChildElements><URDFElement z:Id="i30" i:type="Origin"><Attributes><Attribute z:Id="i31"><AttributeType>xyz</AttributeType><IsRequired>true</IsRequired><Value i:type="a:ArrayOfdouble" xmlns:a="http://schemas.microsoft.com/2003/10/Serialization/Arrays"><a:double>0</a:double><a:double>0</a:double><a:double>0</a:double></Value></Attribute><Attribute z:Id="i32"><AttributeType>rpy</AttributeType><IsRequired>true</IsRequired><Value i:type="a:ArrayOfdouble" xmlns:a="http://schemas.microsoft.com/2003/10/Serialization/Arrays"><a:double>0</a:double><a:double>0</a:double><a:double>0</a:double></Value></Attribute></Attributes><ChildElements/><ElementName>origin</ElementName><required>false</required><RPYAttribute z:Ref="i32"/><XYZAttribute z:Ref="i31"/><isCustomized>false</isCustomized></URDFElement><URDFElement z:Id="i33" i:type="Geometry"><Attributes/><ChildElements><URDFElement z:Id="i34" i:type="Mesh"><Attributes><Attribute z:Id="i35"><AttributeType>filename</AttributeType><IsRequired>true</IsRequired><Value i:nil="true"/></Attribute></Attributes><ChildElements/><ElementName>mesh</ElementName><required>false</required><FilenameAttribute z:Ref="i35"/></URDFElement></ChildElements><ElementName>geometry</ElementName><required>true</required><Mesh z:Ref="i34"/></URDFElement></ChildElements><ElementName>collision</ElementName><required>false</required><Geometry z:Ref="i33"/><Origin z:Ref="i30"/></URDFElement><URDFElement z:Id="i36" i:type="Joint"><Attributes><Attribute z:Id="i37"><AttributeType>name</AttributeType><IsRequired>true</IsRequired><Value i:type="a:string" xmlns:a="http://www.w3.org/2001/XMLSchema"/></Attribute><Attribute z:Id="i38"><AttributeType>type</AttributeType><IsRequired>true</IsRequired><Value i:type="a:string" xmlns:a="http://www.w3.org/2001/XMLSchema"/></Attribute></Attributes><ChildElements><URDFElement z:Id="i39" i:type="Origin"><Attributes><Attribute z:Id="i40"><AttributeType>xyz</AttributeType><IsRequired>true</IsRequired><Value i:type="a:ArrayOfdouble" xmlns:a="http://schemas.microsoft.com/2003/10/Serialization/Arrays"><a:double>0</a:double><a:double>0</a:double><a:double>0</a:double></Value></Attribute><Attribute z:Id="i41"><AttributeType>rpy</AttributeType><IsRequired>true</IsRequired><Value i:type="a:ArrayOfdouble" xmlns:a="http://schemas.microsoft.com/2003/10/Serialization/Arrays"><a:double>0</a:double><a:double>0</a:double><a:double>0</a:double></Value></Attribute></Attributes><ChildElements/><ElementName>origin</ElementName><required>false</required><RPYAttribute z:Ref="i41"/><XYZAttribute z:Ref="i40"/><isCustomized>false</isCustomized></URDFElement><URDFElement z:Id="i42" i:type="ParentLink"><Attributes><Attribute z:Id="i43"><AttributeType>link</AttributeType><IsRequired>true</IsRequired><Value i:type="a:string" xmlns:a="http://www.w3.org/2001/XMLSchema"/></Attribute></Attributes><ChildElements/><ElementName>parent</ElementName><required>true</required><NameAttribute z:Ref="i43"/></URDFElement><URDFElement z:Id="i44" i:type="ChildLink"><Attributes><Attribute z:Id="i45"><AttributeType>link</AttributeType><IsRequired>true</IsRequired><Value i:type="a:string" xmlns:a="http://www.w3.org/2001/XMLSchema"/></Attribute></Attributes><ChildElements/><ElementName>child</ElementName><required>true</required><NameAttribute z:Ref="i45"/></URDFElement><URDFElement z:Id="i46" i:type="Axis"><Attributes><Attribute z:Id="i47"><AttributeType>xyz</AttributeType><IsRequired>true</IsRequired><Value i:type="a:ArrayOfdouble" xmlns:a="http://schemas.microsoft.com/2003/10/Serialization/Arrays"><a:double>0</a:double><a:double>0</a:double><a:double>0</a:double></Value></Attribute></Attributes><ChildElements/><ElementName>axis</ElementName><required>false</required><XYZAttribute z:Ref="i47"/></URDFElement><URDFElement z:Id="i48" i:type="Limit"><Attributes><Attribute z:Id="i49"><AttributeType>lower</AttributeType><IsRequired>false</IsRequired><Value i:nil="true"/></Attribute><Attribute z:Id="i50"><AttributeType>upper</AttributeType><IsRequired>false</IsRequired><Value i:nil="true"/></Attribute><Attribute z:Id="i51"><AttributeType>effort</AttributeType><IsRequired>true</IsRequired><Value i:nil="true"/></Attribute><Attribute z:Id="i52"><AttributeType>velocity</AttributeType><IsRequired>true</IsRequired><Value i:nil="true"/></Attribute></Attributes><ChildElements/><ElementName>limit</ElementName><required>false</required><EffortAttribute z:Ref="i51"/><LowerAttribute z:Ref="i49"/><UpperAttribute z:Ref="i50"/><VelocityAttribute z:Ref="i52"/></URDFElement><URDFElement z:Id="i53" i:type="Calibration"><Attributes><Attribute z:Id="i54"><AttributeType>rising</AttributeType><IsRequired>false</IsRequired><Value i:nil="true"/></Attribute><Attribute z:Id="i55"><AttributeType>falling</AttributeType><IsRequired>false</IsRequired><Value i:nil="true"/></Attribute></Attributes><ChildElements/><ElementName>calibration</ElementName><required>false</required><FallingAttribute z:Ref="i55"/><RisingAttribute z:Ref="i54"/></URDFElement><URDFElement z:Id="i56" i:type="Dynamics"><Attributes><Attribute z:Id="i57"><AttributeType>damping</AttributeType><IsRequired>false</IsRequired><Value i:nil="true"/></Attribute><Attribute z:Id="i58"><AttributeType>friction</AttributeType><IsRequired>false</IsRequired><Value i:nil="true"/></Attribute></Attributes><ChildElements/><ElementName>dynamics</ElementName><required>false</required><DampingAttribute z:Ref="i57"/><FrictionAttribute z:Ref="i58"/></URDFElement><URDFElement z:Id="i59" i:type="SafetyController"><Attributes><Attribute z:Id="i60"><AttributeType>soft_upper_limit</AttributeType><IsRequired>false</IsRequired><Value i:nil="true"/></Attribute><Attribute z:Id="i61"><AttributeType>soft_lower_limit</AttributeType><IsRequired>false</IsRequired><Value i:nil="true"/></Attribute><Attribute z:Id="i62"><AttributeType>k_position</AttributeType><IsRequired>false</IsRequired><Value i:nil="true"/></Attribute><Attribute z:Id="i63"><AttributeType>k_velocity</AttributeType><IsRequired>true</IsRequired><Value i:nil="true"/></Attribute></Attributes><ChildElements/><ElementName>safety_controller</ElementName><required>false</required><KPositionAttribute z:Ref="i62"/><KVelocityAttribute z:Ref="i63"/><SoftLowerAttribute z:Ref="i61"/><SoftUpperAttribute z:Ref="i60"/></URDFElement><URDFElement z:Id="i64" i:type="Mimic"><Attributes><Attribute z:Id="i65"><AttributeType>joint</AttributeType><IsRequired>true</IsRequired><Value i:nil="true"/></Attribute><Attribute z:Id="i66"><AttributeType>multiplier</AttributeType><IsRequired>false</IsRequired><Value i:nil="true"/></Attribute><Attribute z:Id="i67"><AttributeType>offset</AttributeType><IsRequired>false</IsRequired><Value i:nil="true"/></Attribute></Attributes><ChildElements/><ElementName>mimic</ElementName><required>false</required><JointNameAttribute z:Ref="i65"/><MultiplierAttribute z:Ref="i66"/><OffsetAttribute z:Ref="i67"/></URDFElement></ChildElements><ElementName>joint</ElementName><required>false</required><Axis z:Ref="i46"/><AxisName/><Calibration z:Ref="i53"/><Child z:Ref="i44"/><CoordinateSystemName>?????????1</CoordinateSystemName><Dynamics z:Ref="i56"/><Limit z:Ref="i48"/><Mimic z:Ref="i64"/><NameAttribute z:Ref="i37"/><Origin z:Ref="i39"/><Parent z:Ref="i42"/><Safety z:Ref="i59"/><TypeAttribute z:Ref="i38"/></URDFElement></ChildElements><ElementName>link</ElementName><required>true</required><Children><Link z:Id="i68"><Attributes><Attribute z:Id="i69"><AttributeType>name</AttributeType><IsRequired>true</IsRequired><Value i:type="a:string" xmlns:a="http://www.w3.org/2001/XMLSchema">Link1</Value></Attribute></Attributes><ChildElements><URDFElement z:Id="i70" i:type="Inertial"><Attributes/><ChildElements><URDFElement z:Id="i71" i:type="Origin"><Attributes><Attribute z:Id="i72"><AttributeType>xyz</AttributeType><IsRequired>true</IsRequired><Value i:type="a:ArrayOfdouble" xmlns:a="http://schemas.microsoft.com/2003/10/Serialization/Arrays"><a:double>-1.0868E-09</a:double><a:double>0.16126</a:double><a:double>-1.0193E-09</a:double></Value></Attribute><Attribute z:Id="i73"><AttributeType>rpy</AttributeType><IsRequired>true</IsRequired><Value i:type="a:ArrayOfdouble" xmlns:a="http://schemas.microsoft.com/2003/10/Serialization/Arrays"><a:double>0</a:double><a:double>0</a:double><a:double>0</a:double></Value></Attribute></Attributes><ChildElements/><ElementName>origin</ElementName><required>false</required><RPYAttribute z:Ref="i73"/><XYZAttribute z:Ref="i72"/><isCustomized>false</isCustomized></URDFElement><URDFElement z:Id="i74" i:type="Mass"><Attributes><Attribute z:Id="i75"><AttributeType>value</AttributeType><IsRequired>true</IsRequired><Value i:type="a:double" xmlns:a="http://www.w3.org/2001/XMLSchema">0.82362</Value></Attribute></Attributes><ChildElements/><ElementName>mass</ElementName><required>false</required><ValueAttribute z:Ref="i75"/></URDFElement><URDFElement z:Id="i76" i:type="Inertia"><Attributes><Attribute z:Id="i77"><AttributeType>ixx</AttributeType><IsRequired>true</IsRequired><Value i:type="a:double" xmlns:a="http://www.w3.org/2001/XMLSchema">0.0007323</Value></Attribute><Attribute z:Id="i78"><AttributeType>ixy</AttributeType><IsRequired>true</IsRequired><Value i:type="a:double" xmlns:a="http://www.w3.org/2001/XMLSchema">9.5521E-12</Value></Attribute><Attribute z:Id="i79"><AttributeType>ixz</AttributeType><IsRequired>true</IsRequired><Value i:type="a:double" xmlns:a="http://www.w3.org/2001/XMLSchema">2.3198E-06</Value></Attribute><Attribute z:Id="i80"><AttributeType>iyy</AttributeType><IsRequired>true</IsRequired><Value i:type="a:double" xmlns:a="http://www.w3.org/2001/XMLSchema">0.00061854</Value></Attribute><Attribute z:Id="i81"><AttributeType>iyz</AttributeType><IsRequired>true</IsRequired><Value i:type="a:double" xmlns:a="http://www.w3.org/2001/XMLSchema">3.4988E-09</Value></Attribute><Attribute z:Id="i82"><AttributeType>izz</AttributeType><IsRequired>true</IsRequired><Value i:type="a:double" xmlns:a="http://www.w3.org/2001/XMLSchema">0.00082421</Value></Attribute></Attributes><ChildElements/><ElementName>inertia</ElementName><required>false</required><IxxAttribute z:Ref="i77"/><IxyAttribute z:Ref="i78"/><IxzAttribute z:Ref="i79"/><IyyAttribute z:Ref="i80"/><IyzAttribute z:Ref="i81"/><IzzAttribute z:Ref="i82"/></URDFElement></ChildElements><ElementName>inertial</ElementName><required>false</required><Inertia z:Ref="i76"/><Mass z:Ref="i74"/><Origin z:Ref="i71"/></URDFElement><URDFElement z:Id="i83" i:type="Visual"><Attributes/><ChildElements><URDFElement z:Id="i84" i:type="Origin"><Attributes><Attribute z:Id="i85"><AttributeType>xyz</AttributeType><IsRequired>true</IsRequired><Value i:type="a:ArrayOfdouble" xmlns:a="http://schemas.microsoft.com/2003/10/Serialization/Arrays"><a:double>0</a:double><a:double>0</a:double><a:double>0</a:double></Value></Attribute><Attribute z:Id="i86"><AttributeType>rpy</AttributeType><IsRequired>true</IsRequired><Value i:type="a:ArrayOfdouble" xmlns:a="http://schemas.microsoft.com/2003/10/Serialization/Arrays"><a:double>0</a:double><a:double>0</a:double><a:double>0</a:double></Value></Attribute></Attributes><ChildElements/><ElementName>origin</ElementName><required>false</required><RPYAttribute z:Ref="i86"/><XYZAttribute z:Ref="i85"/><isCustomized>false</isCustomized></URDFElement><URDFElement z:Id="i87" i:type="Geometry"><Attributes/><ChildElements><URDFElement z:Id="i88" i:type="Mesh"><Attributes><Attribute z:Id="i89"><AttributeType>filename</AttributeType><IsRequired>true</IsRequired><Value i:nil="true"/></Attribute></Attributes><ChildElements/><ElementName>mesh</ElementName><required>false</required><FilenameAttribute z:Ref="i89"/></URDFElement></ChildElements><ElementName>geometry</ElementName><required>true</required><Mesh z:Ref="i88"/></URDFElement><URDFElement z:Id="i90" i:type="Material"><Attributes><Attribute z:Id="i91"><AttributeType>name</AttributeType><IsRequired>true</IsRequired><Value i:type="a:string" xmlns:a="http://www.w3.org/2001/XMLSchema"/></Attribute></Attributes><ChildElements><URDFElement z:Id="i92" i:type="Color"><Attributes><Attribute z:Id="i93"><AttributeType>rgba</AttributeType><IsRequired>true</IsRequired><Value i:type="a:ArrayOfdouble" xmlns:a="http://schemas.microsoft.com/2003/10/Serialization/Arrays"><a:double>0.79216</a:double><a:double>0.81961</a:double><a:double>0.93333</a:double><a:double>1</a:double></Value></Attribute></Attributes><ChildElements/><ElementName>color</ElementName><required>false</required><RGBAAttribute z:Ref="i93"/></URDFElement><URDFElement z:Id="i94" i:type="Texture"><Attributes><Attribute z:Id="i95"><AttributeType>filename</AttributeType><IsRequired>true</IsRequired><Value i:nil="true"/></Attribute></Attributes><ChildElements/><ElementName>texture</ElementName><required>false</required><FilenameAttribute z:Ref="i95"/><wFilename/></URDFElement></ChildElements><ElementName>material</ElementName><required>false</required><Color z:Ref="i92"/><NameAttribute z:Ref="i91"/><Texture z:Ref="i94"/></URDFElement></ChildElements><ElementName>visual</ElementName><required>false</required><Geometry z:Ref="i87"/><Material z:Ref="i90"/><Origin z:Ref="i84"/></URDFElement><URDFElement z:Id="i96" i:type="Collision"><Attributes/><ChildElements><URDFElement z:Id="i97" i:type="Origin"><Attributes><Attribute z:Id="i98"><AttributeType>xyz</AttributeType><IsRequired>true</IsRequired><Value i:type="a:ArrayOfdouble" xmlns:a="http://schemas.microsoft.com/2003/10/Serialization/Arrays"><a:double>0</a:double><a:double>0</a:double><a:double>0</a:double></Value></Attribute><Attribute z:Id="i99"><AttributeType>rpy</AttributeType><IsRequired>true</IsRequired><Value i:type="a:ArrayOfdouble" xmlns:a="http://schemas.microsoft.com/2003/10/Serialization/Arrays"><a:double>0</a:double><a:double>0</a:double><a:double>0</a:double></Value></Attribute></Attributes><ChildElements/><ElementName>origin</ElementName><required>false</required><RPYAttribute z:Ref="i99"/><XYZAttribute z:Ref="i98"/><isCustomized>false</isCustomized></URDFElement><URDFElement z:Id="i100" i:type="Geometry"><Attributes/><ChildElements><URDFElement z:Id="i101" i:type="Mesh"><Attributes><Attribute z:Id="i102"><AttributeType>filename</AttributeType><IsRequired>true</IsRequired><Value i:nil="true"/></Attribute></Attributes><ChildElements/><ElementName>mesh</ElementName><required>false</required><FilenameAttribute z:Ref="i102"/></URDFElement></ChildElements><ElementName>geometry</ElementName><required>true</required><Mesh z:Ref="i101"/></URDFElement></ChildElements><ElementName>collision</ElementName><required>false</required><Geometry z:Ref="i100"/><Origin z:Ref="i97"/></URDFElement><URDFElement z:Id="i103" i:type="Joint"><Attributes><Attribute z:Id="i104"><AttributeType>name</AttributeType><IsRequired>true</IsRequired><Value i:type="a:string" xmlns:a="http://www.w3.org/2001/XMLSchema">J1</Value></Attribute><Attribute z:Id="i105"><AttributeType>type</AttributeType><IsRequired>true</IsRequired><Value i:type="a:string" xmlns:a="http://www.w3.org/2001/XMLSchema">revolute</Value></Attribute></Attributes><ChildElements><URDFElement z:Id="i106" i:type="Origin"><Attributes><Attribute z:Id="i107"><AttributeType>xyz</AttributeType><IsRequired>true</IsRequired><Value i:type="a:ArrayOfdouble" xmlns:a="http://schemas.microsoft.com/2003/10/Serialization/Arrays"><a:double>0</a:double><a:double>0</a:double><a:double>0</a:double></Value></Attribute><Attribute z:Id="i108"><AttributeType>rpy</AttributeType><IsRequired>true</IsRequired><Value i:type="a:ArrayOfdouble" xmlns:a="http://schemas.microsoft.com/2003/10/Serialization/Arrays"><a:double>1.5708</a:double><a:double>0</a:double><a:double>1.5708</a:double></Value></Attribute></Attributes><ChildElements/><ElementName>origin</ElementName><required>false</required><RPYAttribute z:Ref="i108"/><XYZAttribute z:Ref="i107"/><isCustomized>false</isCustomized></URDFElement><URDFElement z:Id="i109" i:type="ParentLink"><Attributes><Attribute z:Id="i110"><AttributeType>link</AttributeType><IsRequired>true</IsRequired><Value i:type="a:string" xmlns:a="http://www.w3.org/2001/XMLSchema">base</Value></Attribute></Attributes><ChildElements/><ElementName>parent</ElementName><required>true</required><NameAttribute z:Ref="i110"/></URDFElement><URDFElement z:Id="i111" i:type="ChildLink"><Attributes><Attribute z:Id="i112"><AttributeType>link</AttributeType><IsRequired>true</IsRequired><Value i:type="a:string" xmlns:a="http://www.w3.org/2001/XMLSchema">Link1</Value></Attribute></Attributes><ChildElements/><ElementName>child</ElementName><required>true</required><NameAttribute z:Ref="i112"/></URDFElement><URDFElement z:Id="i113" i:type="Axis"><Attributes><Attribute z:Id="i114"><AttributeType>xyz</AttributeType><IsRequired>true</IsRequired><Value i:type="a:ArrayOfdouble" xmlns:a="http://schemas.microsoft.com/2003/10/Serialization/Arrays"><a:double>0</a:double><a:double>1</a:double><a:double>0</a:double></Value></Attribute></Attributes><ChildElements/><ElementName>axis</ElementName><required>false</required><XYZAttribute z:Ref="i114"/></URDFElement><URDFElement z:Id="i115" i:type="Limit"><Attributes><Attribute z:Id="i116"><AttributeType>lower</AttributeType><IsRequired>true</IsRequired><Value i:type="a:double" xmlns:a="http://www.w3.org/2001/XMLSchema">0</Value></Attribute><Attribute z:Id="i117"><AttributeType>upper</AttributeType><IsRequired>true</IsRequired><Value i:type="a:double" xmlns:a="http://www.w3.org/2001/XMLSchema">0</Value></Attribute><Attribute z:Id="i118"><AttributeType>effort</AttributeType><IsRequired>true</IsRequired><Value i:type="a:double" xmlns:a="http://www.w3.org/2001/XMLSchema">0</Value></Attribute><Attribute z:Id="i119"><AttributeType>velocity</AttributeType><IsRequired>true</IsRequired><Value i:type="a:double" xmlns:a="http://www.w3.org/2001/XMLSchema">0</Value></Attribute></Attributes><ChildElements/><ElementName>limit</ElementName><required>true</required><EffortAttribute z:Ref="i118"/><LowerAttribute z:Ref="i116"/><UpperAttribute z:Ref="i117"/><VelocityAttribute z:Ref="i119"/></URDFElement><URDFElement z:Id="i120" i:type="Calibration"><Attributes><Attribute z:Id="i121"><AttributeType>rising</AttributeType><IsRequired>false</IsRequired><Value i:nil="true"/></Attribute><Attribute z:Id="i122"><AttributeType>falling</AttributeType><IsRequired>false</IsRequired><Value i:nil="true"/></Attribute></Attributes><ChildElements/><ElementName>calibration</ElementName><required>false</required><FallingAttribute z:Ref="i122"/><RisingAttribute z:Ref="i121"/></URDFElement><URDFElement z:Id="i123" i:type="Dynamics"><Attributes><Attribute z:Id="i124"><AttributeType>damping</AttributeType><IsRequired>false</IsRequired><Value i:nil="true"/></Attribute><Attribute z:Id="i125"><AttributeType>friction</AttributeType><IsRequired>false</IsRequired><Value i:nil="true"/></Attribute></Attributes><ChildElements/><ElementName>dynamics</ElementName><required>false</required><DampingAttribute z:Ref="i124"/><FrictionAttribute z:Ref="i125"/></URDFElement><URDFElement z:Id="i126" i:type="SafetyController"><Attributes><Attribute z:Id="i127"><AttributeType>soft_upper_limit</AttributeType><IsRequired>false</IsRequired><Value i:nil="true"/></Attribute><Attribute z:Id="i128"><AttributeType>soft_lower_limit</AttributeType><IsRequired>false</IsRequired><Value i:nil="true"/></Attribute><Attribute z:Id="i129"><AttributeType>k_position</AttributeType><IsRequired>false</IsRequired><Value i:nil="true"/></Attribute><Attribute z:Id="i130"><AttributeType>k_velocity</AttributeType><IsRequired>true</IsRequired><Value i:nil="true"/></Attribute></Attributes><ChildElements/><ElementName>safety_controller</ElementName><required>false</required><KPositionAttribute z:Ref="i129"/><KVelocityAttribute z:Ref="i130"/><SoftLowerAttribute z:Ref="i128"/><SoftUpperAttribute z:Ref="i127"/></URDFElement><URDFElement z:Id="i131" i:type="Mimic"><Attributes><Attribute z:Id="i132"><AttributeType>joint</AttributeType><IsRequired>true</IsRequired><Value i:nil="true"/></Attribute><Attribute z:Id="i133"><AttributeType>multiplier</AttributeType><IsRequired>false</IsRequired><Value i:nil="true"/></Attribute><Attribute z:Id="i134"><AttributeType>offset</AttributeType><IsRequired>false</IsRequired><Value i:nil="true"/></Attribute></Attributes><ChildElements/><ElementName>mimic</ElementName><required>false</required><JointNameAttribute z:Ref="i132"/><MultiplierAttribute z:Ref="i133"/><OffsetAttribute z:Ref="i134"/></URDFElement></ChildElements><ElementName>joint</ElementName><required>false</required><Axis z:Ref="i113"/><AxisName>?????????1</AxisName><Calibration z:Ref="i120"/><Child z:Ref="i111"/><CoordinateSystemName>?????????1</CoordinateSystemName><Dynamics z:Ref="i123"/><Limit z:Ref="i115"/><Mimic z:Ref="i131"/><NameAttribute z:Ref="i104"/><Origin z:Ref="i106"/><Parent z:Ref="i109"/><Safety z:Ref="i126"/><TypeAttribute z:Ref="i105"/></URDFElement></ChildElements><ElementName>link</ElementName><required>true</required><Children><Link z:Id="i135"><Attributes><Attribute z:Id="i136"><AttributeType>name</AttributeType><IsRequired>true</IsRequired><Value i:type="a:string" xmlns:a="http://www.w3.org/2001/XMLSchema">Link2</Value></Attribute></Attributes><ChildElements><URDFElement z:Id="i137" i:type="Inertial"><Attributes/><ChildElements><URDFElement z:Id="i138" i:type="Origin"><Attributes><Attribute z:Id="i139"><AttributeType>xyz</AttributeType><IsRequired>true</IsRequired><Value i:type="a:ArrayOfdouble" xmlns:a="http://schemas.microsoft.com/2003/10/Serialization/Arrays"><a:double>-0.15128</a:double><a:double>-6.7794E-05</a:double><a:double>0.15221</a:double></Value></Attribute><Attribute z:Id="i140"><AttributeType>rpy</AttributeType><IsRequired>true</IsRequired><Value i:type="a:ArrayOfdouble" xmlns:a="http://schemas.microsoft.com/2003/10/Serialization/Arrays"><a:double>0</a:double><a:double>0</a:double><a:double>0</a:double></Value></Attribute></Attributes><ChildElements/><ElementName>origin</ElementName><required>false</required><RPYAttribute z:Ref="i140"/><XYZAttribute z:Ref="i139"/><isCustomized>false</isCustomized></URDFElement><URDFElement z:Id="i141" i:type="Mass"><Attributes><Attribute z:Id="i142"><AttributeType>value</AttributeType><IsRequired>true</IsRequired><Value i:type="a:double" xmlns:a="http://www.w3.org/2001/XMLSchema">0.34186</Value></Attribute></Attributes><ChildElements/><ElementName>mass</ElementName><required>false</required><ValueAttribute z:Ref="i142"/></URDFElement><URDFElement z:Id="i143" i:type="Inertia"><Attributes><Attribute z:Id="i144"><AttributeType>ixx</AttributeType><IsRequired>true</IsRequired><Value i:type="a:double" xmlns:a="http://www.w3.org/2001/XMLSchema">0.0012285</Value></Attribute><Attribute z:Id="i145"><AttributeType>ixy</AttributeType><IsRequired>true</IsRequired><Value i:type="a:double" xmlns:a="http://www.w3.org/2001/XMLSchema">7.5441E-10</Value></Attribute><Attribute z:Id="i146"><AttributeType>ixz</AttributeType><IsRequired>true</IsRequired><Value i:type="a:double" xmlns:a="http://www.w3.org/2001/XMLSchema">0.0010492</Value></Attribute><Attribute z:Id="i147"><AttributeType>iyy</AttributeType><IsRequired>true</IsRequired><Value i:type="a:double" xmlns:a="http://www.w3.org/2001/XMLSchema">0.0023978</Value></Attribute><Attribute z:Id="i148"><AttributeType>iyz</AttributeType><IsRequired>true</IsRequired><Value i:type="a:double" xmlns:a="http://www.w3.org/2001/XMLSchema">1.6626E-09</Value></Attribute><Attribute z:Id="i149"><AttributeType>izz</AttributeType><IsRequired>true</IsRequired><Value i:type="a:double" xmlns:a="http://www.w3.org/2001/XMLSchema">0.0012195</Value></Attribute></Attributes><ChildElements/><ElementName>inertia</ElementName><required>false</required><IxxAttribute z:Ref="i144"/><IxyAttribute z:Ref="i145"/><IxzAttribute z:Ref="i146"/><IyyAttribute z:Ref="i147"/><IyzAttribute z:Ref="i148"/><IzzAttribute z:Ref="i149"/></URDFElement></ChildElements><ElementName>inertial</ElementName><required>false</required><Inertia z:Ref="i143"/><Mass z:Ref="i141"/><Origin z:Ref="i138"/></URDFElement><URDFElement z:Id="i150" i:type="Visual"><Attributes/><ChildElements><URDFElement z:Id="i151" i:type="Origin"><Attributes><Attribute z:Id="i152"><AttributeType>xyz</AttributeType><IsRequired>true</IsRequired><Value i:type="a:ArrayOfdouble" xmlns:a="http://schemas.microsoft.com/2003/10/Serialization/Arrays"><a:double>0</a:double><a:double>0</a:double><a:double>0</a:double></Value></Attribute><Attribute z:Id="i153"><AttributeType>rpy</AttributeType><IsRequired>true</IsRequired><Value i:type="a:ArrayOfdouble" xmlns:a="http://schemas.microsoft.com/2003/10/Serialization/Arrays"><a:double>0</a:double><a:double>0</a:double><a:double>0</a:double></Value></Attribute></Attributes><ChildElements/><ElementName>origin</ElementName><required>false</required><RPYAttribute z:Ref="i153"/><XYZAttribute z:Ref="i152"/><isCustomized>false</isCustomized></URDFElement><URDFElement z:Id="i154" i:type="Geometry"><Attributes/><ChildElements><URDFElement z:Id="i155" i:type="Mesh"><Attributes><Attribute z:Id="i156"><AttributeType>filename</AttributeType><IsRequired>true</IsRequired><Value i:nil="true"/></Attribute></Attributes><ChildElements/><ElementName>mesh</ElementName><required>false</required><FilenameAttribute z:Ref="i156"/></URDFElement></ChildElements><ElementName>geometry</ElementName><required>true</required><Mesh z:Ref="i155"/></URDFElement><URDFElement z:Id="i157" i:type="Material"><Attributes><Attribute z:Id="i158"><AttributeType>name</AttributeType><IsRequired>true</IsRequired><Value i:type="a:string" xmlns:a="http://www.w3.org/2001/XMLSchema"/></Attribute></Attributes><ChildElements><URDFElement z:Id="i159" i:type="Color"><Attributes><Attribute z:Id="i160"><AttributeType>rgba</AttributeType><IsRequired>true</IsRequired><Value i:type="a:ArrayOfdouble" xmlns:a="http://schemas.microsoft.com/2003/10/Serialization/Arrays"><a:double>0.79216</a:double><a:double>0.81961</a:double><a:double>0.93333</a:double><a:double>1</a:double></Value></Attribute></Attributes><ChildElements/><ElementName>color</ElementName><required>false</required><RGBAAttribute z:Ref="i160"/></URDFElement><URDFElement z:Id="i161" i:type="Texture"><Attributes><Attribute z:Id="i162"><AttributeType>filename</AttributeType><IsRequired>true</IsRequired><Value i:nil="true"/></Attribute></Attributes><ChildElements/><ElementName>texture</ElementName><required>false</required><FilenameAttribute z:Ref="i162"/><wFilename/></URDFElement></ChildElements><ElementName>material</ElementName><required>false</required><Color z:Ref="i159"/><NameAttribute z:Ref="i158"/><Texture z:Ref="i161"/></URDFElement></ChildElements><ElementName>visual</ElementName><required>false</required><Geometry z:Ref="i154"/><Material z:Ref="i157"/><Origin z:Ref="i151"/></URDFElement><URDFElement z:Id="i163" i:type="Collision"><Attributes/><ChildElements><URDFElement z:Id="i164" i:type="Origin"><Attributes><Attribute z:Id="i165"><AttributeType>xyz</AttributeType><IsRequired>true</IsRequired><Value i:type="a:ArrayOfdouble" xmlns:a="http://schemas.microsoft.com/2003/10/Serialization/Arrays"><a:double>0</a:double><a:double>0</a:double><a:double>0</a:double></Value></Attribute><Attribute z:Id="i166"><AttributeType>rpy</AttributeType><IsRequired>true</IsRequired><Value i:type="a:ArrayOfdouble" xmlns:a="http://schemas.microsoft.com/2003/10/Serialization/Arrays"><a:double>0</a:double><a:double>0</a:double><a:double>0</a:double></Value></Attribute></Attributes><ChildElements/><ElementName>origin</ElementName><required>false</required><RPYAttribute z:Ref="i166"/><XYZAttribute z:Ref="i165"/><isCustomized>false</isCustomized></URDFElement><URDFElement z:Id="i167" i:type="Geometry"><Attributes/><ChildElements><URDFElement z:Id="i168" i:type="Mesh"><Attributes><Attribute z:Id="i169"><AttributeType>filename</AttributeType><IsRequired>true</IsRequired><Value i:nil="true"/></Attribute></Attributes><ChildElements/><ElementName>mesh</ElementName><required>false</required><FilenameAttribute z:Ref="i169"/></URDFElement></ChildElements><ElementName>geometry</ElementName><required>true</required><Mesh z:Ref="i168"/></URDFElement></ChildElements><ElementName>collision</ElementName><required>false</required><Geometry z:Ref="i167"/><Origin z:Ref="i164"/></URDFElement><URDFElement z:Id="i170" i:type="Joint"><Attributes><Attribute z:Id="i171"><AttributeType>name</AttributeType><IsRequired>true</IsRequired><Value i:type="a:string" xmlns:a="http://www.w3.org/2001/XMLSchema">J2</Value></Attribute><Attribute z:Id="i172"><AttributeType>type</AttributeType><IsRequired>true</IsRequired><Value i:type="a:string" xmlns:a="http://www.w3.org/2001/XMLSchema">revolute</Value></Attribute></Attributes><ChildElements><URDFElement z:Id="i173" i:type="Origin"><Attributes><Attribute z:Id="i174"><AttributeType>xyz</AttributeType><IsRequired>true</IsRequired><Value i:type="a:ArrayOfdouble" xmlns:a="http://schemas.microsoft.com/2003/10/Serialization/Arrays"><a:double>0</a:double><a:double>0.176</a:double><a:double>0</a:double></Value></Attribute><Attribute z:Id="i175"><AttributeType>rpy</AttributeType><IsRequired>true</IsRequired><Value i:type="a:ArrayOfdouble" xmlns:a="http://schemas.microsoft.com/2003/10/Serialization/Arrays"><a:double>0</a:double><a:double>0.48412</a:double><a:double>-1.5708</a:double></Value></Attribute></Attributes><ChildElements/><ElementName>origin</ElementName><required>false</required><RPYAttribute z:Ref="i175"/><XYZAttribute z:Ref="i174"/><isCustomized>false</isCustomized></URDFElement><URDFElement z:Id="i176" i:type="ParentLink"><Attributes><Attribute z:Id="i177"><AttributeType>link</AttributeType><IsRequired>true</IsRequired><Value i:type="a:string" xmlns:a="http://www.w3.org/2001/XMLSchema">Link1</Value></Attribute></Attributes><ChildElements/><ElementName>parent</ElementName><required>true</required><NameAttribute z:Ref="i177"/></URDFElement><URDFElement z:Id="i178" i:type="ChildLink"><Attributes><Attribute z:Id="i179"><AttributeType>link</AttributeType><IsRequired>true</IsRequired><Value i:type="a:string" xmlns:a="http://www.w3.org/2001/XMLSchema">Link2</Value></Attribute></Attributes><ChildElements/><ElementName>child</ElementName><required>true</required><NameAttribute z:Ref="i179"/></URDFElement><URDFElement z:Id="i180" i:type="Axis"><Attributes><Attribute z:Id="i181"><AttributeType>xyz</AttributeType><IsRequired>true</IsRequired><Value i:type="a:ArrayOfdouble" xmlns:a="http://schemas.microsoft.com/2003/10/Serialization/Arrays"><a:double>0</a:double><a:double>0</a:double><a:double>-1</a:double></Value></Attribute></Attributes><ChildElements/><ElementName>axis</ElementName><required>false</required><XYZAttribute z:Ref="i181"/></URDFElement><URDFElement z:Id="i182" i:type="Limit"><Attributes><Attribute z:Id="i183"><AttributeType>lower</AttributeType><IsRequired>true</IsRequired><Value i:type="a:double" xmlns:a="http://www.w3.org/2001/XMLSchema">0</Value></Attribute><Attribute z:Id="i184"><AttributeType>upper</AttributeType><IsRequired>true</IsRequired><Value i:type="a:double" xmlns:a="http://www.w3.org/2001/XMLSchema">0</Value></Attribute><Attribute z:Id="i185"><AttributeType>effort</AttributeType><IsRequired>true</IsRequired><Value i:type="a:double" xmlns:a="http://www.w3.org/2001/XMLSchema">0</Value></Attribute><Attribute z:Id="i186"><AttributeType>velocity</AttributeType><IsRequired>true</IsRequired><Value i:type="a:double" xmlns:a="http://www.w3.org/2001/XMLSchema">0</Value></Attribute></Attributes><ChildElements/><ElementName>limit</ElementName><required>true</required><EffortAttribute z:Ref="i185"/><LowerAttribute z:Ref="i183"/><UpperAttribute z:Ref="i184"/><VelocityAttribute z:Ref="i186"/></URDFElement><URDFElement z:Id="i187" i:type="Calibration"><Attributes><Attribute z:Id="i188"><AttributeType>rising</AttributeType><IsRequired>false</IsRequired><Value i:nil="true"/></Attribute><Attribute z:Id="i189"><AttributeType>falling</AttributeType><IsRequired>false</IsRequired><Value i:nil="true"/></Attribute></Attributes><ChildElements/><ElementName>calibration</ElementName><required>false</required><FallingAttribute z:Ref="i189"/><RisingAttribute z:Ref="i188"/></URDFElement><URDFElement z:Id="i190" i:type="Dynamics"><Attributes><Attribute z:Id="i191"><AttributeType>damping</AttributeType><IsRequired>false</IsRequired><Value i:nil="true"/></Attribute><Attribute z:Id="i192"><AttributeType>friction</AttributeType><IsRequired>false</IsRequired><Value i:nil="true"/></Attribute></Attributes><ChildElements/><ElementName>dynamics</ElementName><required>false</required><DampingAttribute z:Ref="i191"/><FrictionAttribute z:Ref="i192"/></URDFElement><URDFElement z:Id="i193" i:type="SafetyController"><Attributes><Attribute z:Id="i194"><AttributeType>soft_upper_limit</AttributeType><IsRequired>false</IsRequired><Value i:nil="true"/></Attribute><Attribute z:Id="i195"><AttributeType>soft_lower_limit</AttributeType><IsRequired>false</IsRequired><Value i:nil="true"/></Attribute><Attribute z:Id="i196"><AttributeType>k_position</AttributeType><IsRequired>false</IsRequired><Value i:nil="true"/></Attribute><Attribute z:Id="i197"><AttributeType>k_velocity</AttributeType><IsRequired>true</IsRequired><Value i:nil="true"/></Attribute></Attributes><ChildElements/><ElementName>safety_controller</ElementName><required>false</required><KPositionAttribute z:Ref="i196"/><KVelocityAttribute z:Ref="i197"/><SoftLowerAttribute z:Ref="i195"/><SoftUpperAttribute z:Ref="i194"/></URDFElement><URDFElement z:Id="i198" i:type="Mimic"><Attributes><Attribute z:Id="i199"><AttributeType>joint</AttributeType><IsRequired>true</IsRequired><Value i:nil="true"/></Attribute><Attribute z:Id="i200"><AttributeType>multiplier</AttributeType><IsRequired>false</IsRequired><Value i:nil="true"/></Attribute><Attribute z:Id="i201"><AttributeType>offset</AttributeType><IsRequired>false</IsRequired><Value i:nil="true"/></Attribute></Attributes><ChildElements/><ElementName>mimic</ElementName><required>false</required><JointNameAttribute z:Ref="i199"/><MultiplierAttribute z:Ref="i200"/><OffsetAttribute z:Ref="i201"/></URDFElement></ChildElements><ElementName>joint</ElementName><required>false</required><Axis z:Ref="i180"/><AxisName>?????????2</AxisName><Calibration z:Ref="i187"/><Child z:Ref="i178"/><CoordinateSystemName>?????????2</CoordinateSystemName><Dynamics z:Ref="i190"/><Limit z:Ref="i182"/><Mimic z:Ref="i198"/><NameAttribute z:Ref="i171"/><Origin z:Ref="i173"/><Parent z:Ref="i176"/><Safety z:Ref="i193"/><TypeAttribute z:Ref="i172"/></URDFElement></ChildElements><ElementName>link</ElementName><required>true</required><Children><Link z:Id="i202"><Attributes><Attribute z:Id="i203"><AttributeType>name</AttributeType><IsRequired>true</IsRequired><Value i:type="a:string" xmlns:a="http://www.w3.org/2001/XMLSchema">Link3</Value></Attribute></Attributes><ChildElements><URDFElement z:Id="i204" i:type="Inertial"><Attributes/><ChildElements><URDFElement z:Id="i205" i:type="Origin"><Attributes><Attribute z:Id="i206"><AttributeType>xyz</AttributeType><IsRequired>true</IsRequired><Value i:type="a:ArrayOfdouble" xmlns:a="http://schemas.microsoft.com/2003/10/Serialization/Arrays"><a:double>-0.20358</a:double><a:double>1.7223E-06</a:double><a:double>-0.13449</a:double></Value></Attribute><Attribute z:Id="i207"><AttributeType>rpy</AttributeType><IsRequired>true</IsRequired><Value i:type="a:ArrayOfdouble" xmlns:a="http://schemas.microsoft.com/2003/10/Serialization/Arrays"><a:double>0</a:double><a:double>0</a:double><a:double>0</a:double></Value></Attribute></Attributes><ChildElements/><ElementName>origin</ElementName><required>false</required><RPYAttribute z:Ref="i207"/><XYZAttribute z:Ref="i206"/><isCustomized>false</isCustomized></URDFElement><URDFElement z:Id="i208" i:type="Mass"><Attributes><Attribute z:Id="i209"><AttributeType>value</AttributeType><IsRequired>true</IsRequired><Value i:type="a:double" xmlns:a="http://www.w3.org/2001/XMLSchema">0.2618</Value></Attribute></Attributes><ChildElements/><ElementName>mass</ElementName><required>false</required><ValueAttribute z:Ref="i209"/></URDFElement><URDFElement z:Id="i210" i:type="Inertia"><Attributes><Attribute z:Id="i211"><AttributeType>ixx</AttributeType><IsRequired>true</IsRequired><Value i:type="a:double" xmlns:a="http://www.w3.org/2001/XMLSchema">0.00023644</Value></Attribute><Attribute z:Id="i212"><AttributeType>ixy</AttributeType><IsRequired>true</IsRequired><Value i:type="a:double" xmlns:a="http://www.w3.org/2001/XMLSchema">6.1801E-09</Value></Attribute><Attribute z:Id="i213"><AttributeType>ixz</AttributeType><IsRequired>true</IsRequired><Value i:type="a:double" xmlns:a="http://www.w3.org/2001/XMLSchema">0.00053652</Value></Attribute><Attribute z:Id="i214"><AttributeType>iyy</AttributeType><IsRequired>true</IsRequired><Value i:type="a:double" xmlns:a="http://www.w3.org/2001/XMLSchema">0.0019508</Value></Attribute><Attribute z:Id="i215"><AttributeType>iyz</AttributeType><IsRequired>true</IsRequired><Value i:type="a:double" xmlns:a="http://www.w3.org/2001/XMLSchema">8.4036E-11</Value></Attribute><Attribute z:Id="i216"><AttributeType>izz</AttributeType><IsRequired>true</IsRequired><Value i:type="a:double" xmlns:a="http://www.w3.org/2001/XMLSchema">0.0017623</Value></Attribute></Attributes><ChildElements/><ElementName>inertia</ElementName><required>false</required><IxxAttribute z:Ref="i211"/><IxyAttribute z:Ref="i212"/><IxzAttribute z:Ref="i213"/><IyyAttribute z:Ref="i214"/><IyzAttribute z:Ref="i215"/><IzzAttribute z:Ref="i216"/></URDFElement></ChildElements><ElementName>inertial</ElementName><required>false</required><Inertia z:Ref="i210"/><Mass z:Ref="i208"/><Origin z:Ref="i205"/></URDFElement><URDFElement z:Id="i217" i:type="Visual"><Attributes/><ChildElements><URDFElement z:Id="i218" i:type="Origin"><Attributes><Attribute z:Id="i219"><AttributeType>xyz</AttributeType><IsRequired>true</IsRequired><Value i:type="a:ArrayOfdouble" xmlns:a="http://schemas.microsoft.com/2003/10/Serialization/Arrays"><a:double>0</a:double><a:double>0</a:double><a:double>0</a:double></Value></Attribute><Attribute z:Id="i220"><AttributeType>rpy</AttributeType><IsRequired>true</IsRequired><Value i:type="a:ArrayOfdouble" xmlns:a="http://schemas.microsoft.com/2003/10/Serialization/Arrays"><a:double>0</a:double><a:double>0</a:double><a:double>0</a:double></Value></Attribute></Attributes><ChildElements/><ElementName>origin</ElementName><required>false</required><RPYAttribute z:Ref="i220"/><XYZAttribute z:Ref="i219"/><isCustomized>false</isCustomized></URDFElement><URDFElement z:Id="i221" i:type="Geometry"><Attributes/><ChildElements><URDFElement z:Id="i222" i:type="Mesh"><Attributes><Attribute z:Id="i223"><AttributeType>filename</AttributeType><IsRequired>true</IsRequired><Value i:nil="true"/></Attribute></Attributes><ChildElements/><ElementName>mesh</ElementName><required>false</required><FilenameAttribute z:Ref="i223"/></URDFElement></ChildElements><ElementName>geometry</ElementName><required>true</required><Mesh z:Ref="i222"/></URDFElement><URDFElement z:Id="i224" i:type="Material"><Attributes><Attribute z:Id="i225"><AttributeType>name</AttributeType><IsRequired>true</IsRequired><Value i:type="a:string" xmlns:a="http://www.w3.org/2001/XMLSchema"/></Attribute></Attributes><ChildElements><URDFElement z:Id="i226" i:type="Color"><Attributes><Attribute z:Id="i227"><AttributeType>rgba</AttributeType><IsRequired>true</IsRequired><Value i:type="a:ArrayOfdouble" xmlns:a="http://schemas.microsoft.com/2003/10/Serialization/Arrays"><a:double>0.89804</a:double><a:double>0.91765</a:double><a:double>0.92941</a:double><a:double>1</a:double></Value></Attribute></Attributes><ChildElements/><ElementName>color</ElementName><required>false</required><RGBAAttribute z:Ref="i227"/></URDFElement><URDFElement z:Id="i228" i:type="Texture"><Attributes><Attribute z:Id="i229"><AttributeType>filename</AttributeType><IsRequired>true</IsRequired><Value i:nil="true"/></Attribute></Attributes><ChildElements/><ElementName>texture</ElementName><required>false</required><FilenameAttribute z:Ref="i229"/><wFilename/></URDFElement></ChildElements><ElementName>material</ElementName><required>false</required><Color z:Ref="i226"/><NameAttribute z:Ref="i225"/><Texture z:Ref="i228"/></URDFElement></ChildElements><ElementName>visual</ElementName><required>false</required><Geometry z:Ref="i221"/><Material z:Ref="i224"/><Origin z:Ref="i218"/></URDFElement><URDFElement z:Id="i230" i:type="Collision"><Attributes/><ChildElements><URDFElement z:Id="i231" i:type="Origin"><Attributes><Attribute z:Id="i232"><AttributeType>xyz</AttributeType><IsRequired>true</IsRequired><Value i:type="a:ArrayOfdouble" xmlns:a="http://schemas.microsoft.com/2003/10/Serialization/Arrays"><a:double>0</a:double><a:double>0</a:double><a:double>0</a:double></Value></Attribute><Attribute z:Id="i233"><AttributeType>rpy</AttributeType><IsRequired>true</IsRequired><Value i:type="a:ArrayOfdouble" xmlns:a="http://schemas.microsoft.com/2003/10/Serialization/Arrays"><a:double>0</a:double><a:double>0</a:double><a:double>0</a:double></Value></Attribute></Attributes><ChildElements/><ElementName>origin</ElementName><required>false</required><RPYAttribute z:Ref="i233"/><XYZAttribute z:Ref="i232"/><isCustomized>false</isCustomized></URDFElement><URDFElement z:Id="i234" i:type="Geometry"><Attributes/><ChildElements><URDFElement z:Id="i235" i:type="Mesh"><Attributes><Attribute z:Id="i236"><AttributeType>filename</AttributeType><IsRequired>true</IsRequired><Value i:nil="true"/></Attribute></Attributes><ChildElements/><ElementName>mesh</ElementName><required>false</required><FilenameAttribute z:Ref="i236"/></URDFElement></ChildElements><ElementName>geometry</ElementName><required>true</required><Mesh z:Ref="i235"/></URDFElement></ChildElements><ElementName>collision</ElementName><required>false</required><Geometry z:Ref="i234"/><Origin z:Ref="i231"/></URDFElement><URDFElement z:Id="i237" i:type="Joint"><Attributes><Attribute z:Id="i238"><AttributeType>name</AttributeType><IsRequired>true</IsRequired><Value i:type="a:string" xmlns:a="http://www.w3.org/2001/XMLSchema">J3</Value></Attribute><Attribute z:Id="i239"><AttributeType>type</AttributeType><IsRequired>true</IsRequired><Value i:type="a:string" xmlns:a="http://www.w3.org/2001/XMLSchema">revolute</Value></Attribute></Attributes><ChildElements><URDFElement z:Id="i240" i:type="Origin"><Attributes><Attribute z:Id="i241"><AttributeType>xyz</AttributeType><IsRequired>true</IsRequired><Value i:type="a:ArrayOfdouble" xmlns:a="http://schemas.microsoft.com/2003/10/Serialization/Arrays"><a:double>-0.27796</a:double><a:double>0</a:double><a:double>0.27796</a:double></Value></Attribute><Attribute z:Id="i242"><AttributeType>rpy</AttributeType><IsRequired>true</IsRequired><Value i:type="a:ArrayOfdouble" xmlns:a="http://schemas.microsoft.com/2003/10/Serialization/Arrays"><a:double>-3.1416</a:double><a:double>0.7854</a:double><a:double>-3.1416</a:double></Value></Attribute></Attributes><ChildElements/><ElementName>origin</ElementName><required>false</required><RPYAttribute z:Ref="i242"/><XYZAttribute z:Ref="i241"/><isCustomized>false</isCustomized></URDFElement><URDFElement z:Id="i243" i:type="ParentLink"><Attributes><Attribute z:Id="i244"><AttributeType>link</AttributeType><IsRequired>true</IsRequired><Value i:type="a:string" xmlns:a="http://www.w3.org/2001/XMLSchema">Link2</Value></Attribute></Attributes><ChildElements/><ElementName>parent</ElementName><required>true</required><NameAttribute z:Ref="i244"/></URDFElement><URDFElement z:Id="i245" i:type="ChildLink"><Attributes><Attribute z:Id="i246"><AttributeType>link</AttributeType><IsRequired>true</IsRequired><Value i:type="a:string" xmlns:a="http://www.w3.org/2001/XMLSchema">Link3</Value></Attribute></Attributes><ChildElements/><ElementName>child</ElementName><required>true</required><NameAttribute z:Ref="i246"/></URDFElement><URDFElement z:Id="i247" i:type="Axis"><Attributes><Attribute z:Id="i248"><AttributeType>xyz</AttributeType><IsRequired>true</IsRequired><Value i:type="a:ArrayOfdouble" xmlns:a="http://schemas.microsoft.com/2003/10/Serialization/Arrays"><a:double>0</a:double><a:double>0</a:double><a:double>1</a:double></Value></Attribute></Attributes><ChildElements/><ElementName>axis</ElementName><required>false</required><XYZAttribute z:Ref="i248"/></URDFElement><URDFElement z:Id="i249" i:type="Limit"><Attributes><Attribute z:Id="i250"><AttributeType>lower</AttributeType><IsRequired>true</IsRequired><Value i:type="a:double" xmlns:a="http://www.w3.org/2001/XMLSchema">0</Value></Attribute><Attribute z:Id="i251"><AttributeType>upper</AttributeType><IsRequired>true</IsRequired><Value i:type="a:double" xmlns:a="http://www.w3.org/2001/XMLSchema">0</Value></Attribute><Attribute z:Id="i252"><AttributeType>effort</AttributeType><IsRequired>true</IsRequired><Value i:type="a:double" xmlns:a="http://www.w3.org/2001/XMLSchema">0</Value></Attribute><Attribute z:Id="i253"><AttributeType>velocity</AttributeType><IsRequired>true</IsRequired><Value i:type="a:double" xmlns:a="http://www.w3.org/2001/XMLSchema">0</Value></Attribute></Attributes><ChildElements/><ElementName>limit</ElementName><required>true</required><EffortAttribute z:Ref="i252"/><LowerAttribute z:Ref="i250"/><UpperAttribute z:Ref="i251"/><VelocityAttribute z:Ref="i253"/></URDFElement><URDFElement z:Id="i254" i:type="Calibration"><Attributes><Attribute z:Id="i255"><AttributeType>rising</AttributeType><IsRequired>false</IsRequired><Value i:nil="true"/></Attribute><Attribute z:Id="i256"><AttributeType>falling</AttributeType><IsRequired>false</IsRequired><Value i:nil="true"/></Attribute></Attributes><ChildElements/><ElementName>calibration</ElementName><required>false</required><FallingAttribute z:Ref="i256"/><RisingAttribute z:Ref="i255"/></URDFElement><URDFElement z:Id="i257" i:type="Dynamics"><Attributes><Attribute z:Id="i258"><AttributeType>damping</AttributeType><IsRequired>false</IsRequired><Value i:nil="true"/></Attribute><Attribute z:Id="i259"><AttributeType>friction</AttributeType><IsRequired>false</IsRequired><Value i:nil="true"/></Attribute></Attributes><ChildElements/><ElementName>dynamics</ElementName><required>false</required><DampingAttribute z:Ref="i258"/><FrictionAttribute z:Ref="i259"/></URDFElement><URDFElement z:Id="i260" i:type="SafetyController"><Attributes><Attribute z:Id="i261"><AttributeType>soft_upper_limit</AttributeType><IsRequired>false</IsRequired><Value i:nil="true"/></Attribute><Attribute z:Id="i262"><AttributeType>soft_lower_limit</AttributeType><IsRequired>false</IsRequired><Value i:nil="true"/></Attribute><Attribute z:Id="i263"><AttributeType>k_position</AttributeType><IsRequired>false</IsRequired><Value i:nil="true"/></Attribute><Attribute z:Id="i264"><AttributeType>k_velocity</AttributeType><IsRequired>true</IsRequired><Value i:nil="true"/></Attribute></Attributes><ChildElements/><ElementName>safety_controller</ElementName><required>false</required><KPositionAttribute z:Ref="i263"/><KVelocityAttribute z:Ref="i264"/><SoftLowerAttribute z:Ref="i262"/><SoftUpperAttribute z:Ref="i261"/></URDFElement><URDFElement z:Id="i265" i:type="Mimic"><Attributes><Attribute z:Id="i266"><AttributeType>joint</AttributeType><IsRequired>true</IsRequired><Value i:nil="true"/></Attribute><Attribute z:Id="i267"><AttributeType>multiplier</AttributeType><IsRequired>false</IsRequired><Value i:nil="true"/></Attribute><Attribute z:Id="i268"><AttributeType>offset</AttributeType><IsRequired>false</IsRequired><Value i:nil="true"/></Attribute></Attributes><ChildElements/><ElementName>mimic</ElementName><required>false</required><JointNameAttribute z:Ref="i266"/><MultiplierAttribute z:Ref="i267"/><OffsetAttribute z:Ref="i268"/></URDFElement></ChildElements><ElementName>joint</ElementName><required>false</required><Axis z:Ref="i247"/><AxisName>?????????3</AxisName><Calibration z:Ref="i254"/><Child z:Ref="i245"/><CoordinateSystemName>?????????3</CoordinateSystemName><Dynamics z:Ref="i257"/><Limit z:Ref="i249"/><Mimic z:Ref="i265"/><NameAttribute z:Ref="i238"/><Origin z:Ref="i240"/><Parent z:Ref="i243"/><Safety z:Ref="i260"/><TypeAttribute z:Ref="i239"/></URDFElement></ChildElements><ElementName>link</ElementName><required>true</required><Children/><Collision z:Ref="i230"/><Inertial z:Ref="i204"/><Joint z:Ref="i237"/><NameAttribute z:Ref="i203"/><Parent z:Ref="i135"/><STLQualityFine>false</STLQualityFine><SWComponentPIDs xmlns:a="http://schemas.microsoft.com/2003/10/Serialization/Arrays"><a:base64Binary>sDYAAAUAAAD//v8vwoEwADEAXwB2ADAALgAxAC4ANAAtADEAQACpgHNRgoJfAHYAMAAuADEALgA0AC8AK2fvem6PXwB2ADAALgAxAC4ANAAtADIAQADCgTAAMQBfAHYAMAAuADEALgA0AAQAAAAQAAAAAQAAAAIAAACLAAAAhgUAAA==</a:base64Binary><a:base64Binary>sDYAAAUAAAD//v8wwoEwADEAXwB2ADAALgAxAC4ANAAtADEAQACpgHNRgoJfAHYAMAAuADEALgA0AC8AdI9XWTAAMQBfAHYAMAAuADEALgA0AC0AMgBAAMKBMAAxAF8AdgAwAC4AMQAuADQABAAAABAAAAABAAAAAgAAAIsAAABGCAAA</a:base64Binary><a:base64Binary>sDYAAAUAAAD//v8xwoEwADEAXwB2ADAALgAxAC4ANAAtADEAQACpgHNRgoJfAHYAMAAuADEALgA0AC8AbI+lY7ZnMAA5AF8AdgAwAC4AMQAuADQALQAyAEAAwoEwADEAXwB2ADAALgAxAC4ANAAEAAAAEAAAAAEAAAACAAAAiwAAAIUFAAA=</a:base64Binary><a:base64Binary>sDYAAAUAAAD//v8wwoEwADEAXwB2ADAALgAxAC4ANAAtADEAQACpgHNRgoJfAHYAMAAuADEALgA0AC8AdI9XWTAAMQBfAHYAMAAuADEALgA0AC0AMQBAAMKBMAAxAF8AdgAwAC4AMQAuADQABAAAABAAAAABAAAAAgAAAIsAAAA3CAAA</a:base64Binary><a:base64Binary>sDYAAAUAAAD//v8wwoEwADEAXwB2ADAALgAxAC4ANAAtADEAQACpgHNRgoJfAHYAMAAuADEALgA0AC8As3ihezAAMwBfAHYAMAAuADEALgA0AC0AMQBAAMKBMAAxAF8AdgAwAC4AMQAuADQABAAAABAAAAABAAAAAgAAAIsAAABsBwAA</a:base64Binary><a:base64Binary>sDYAAAUAAAD//v8xwoEwADEAXwB2ADAALgAxAC4ANAAtADEAQACpgHNRgoJfAHYAMAAuADEALgA0AC8AbI+lY7ZnMAA4AF8AdgAwAC4AMQAuADQALQAxAEAAwoEwADEAXwB2ADAALgAxAC4ANAAEAAAAEAAAAAEAAAACAAAAiwAAAGYFAAA=</a:base64Binary><a:base64Binary>sDYAAAUAAAD//v8xwoEwADEAXwB2ADAALgAxAC4ANAAtADEAQACpgHNRgoJfAHYAMAAuADEALgA0AC8AbI+lY7ZnMAA4AF8AdgAwAC4AMQAuADQALQAyAEAAwoEwADEAXwB2ADAALgAxAC4ANAAEAAAAEAAAAAEAAAACAAAAiwAAAGgFAAA=</a:base64Binary></SWComponentPIDs><SWMainComponentPID i:nil="true"/><Visual z:Ref="i217"/><isFixedFrame>false</isFixedFrame><isIncomplete>false</isIncomplete></Link></Children><Collision z:Ref="i163"/><Inertial z:Ref="i137"/><Joint z:Ref="i170"/><NameAttribute z:Ref="i136"/><Parent z:Ref="i68"/><STLQualityFine>false</STLQualityFine><SWComponentPIDs xmlns:a="http://schemas.microsoft.com/2003/10/Serialization/Arrays"><a:base64Binary>sDYAAAUAAAD//v9swoEwADEAXwB2ADAALgAxAC4ANAAtADEAQACpgHNRgoJfAHYAMAAuADEALgA0AC8AMwBEAC0ARQBBADIAOABTADAANgBDAC0AMgBAAMKBMAAxAF8AdgAwAC4AMQAuADQALwAzAEQALQBFAEEAMgA4AFMAMAA2AEMALgBzAHQAcAAtADEAQAAzAEQALQBFAEEAMgA4AFMAMAA2AEMALwBwAGwAdQBnAGUAcgA4AC4AcwB0AHAALQAxAEAAMwBEAC0ARQBBADIAOABTADAANgBDAC4AcwB0AHAABAAAABAAAAABAAAABAAAAIsAAACNBwAAGQAAABYAAAA=</a:base64Binary><a:base64Binary>sDYAAAUAAAD//v8zwoEwADEAXwB2ADAALgAxAC4ANAAtADEAQACpgHNRgoJfAHYAMAAuADEALgA0AC8A/FsRVHSPV1lfADAANABfAHYAMAAuADEALgA0AC0ANABAAMKBMAAxAF8AdgAwAC4AMQAuADQABAAAABAAAAABAAAAAgAAAIsAAABRBwAA</a:base64Binary><a:base64Binary>sDYAAAUAAAD//v8ywoEwADEAXwB2ADAALgAxAC4ANAAtADEAQACpgHNRgoJfAHYAMAAuADEALgA0AC8A/FsRVG6PXwAwADEAXwB2ADAALgAxAC4ANAAtADgAQADCgTAAMQBfAHYAMAAuADEALgA0AAQAAAAQAAAAAQAAAAIAAACLAAAAHQcAAA==</a:base64Binary><a:base64Binary>sDYAAAUAAAD//v8zwoEwADEAXwB2ADAALgAxAC4ANAAtADEAQACpgHNRgoJfAHYAMAAuADEALgA0AC8A/FsRVG6PdI9fADAANABfAHYAMAAuADEALgA0AC0AMQBAAMKBMAAxAF8AdgAwAC4AMQAuADQABAAAABAAAAABAAAAAgAAAIsAAAAMBwAA</a:base64Binary><a:base64Binary>sDYAAAUAAAD//v8ywoEwADEAXwB2ADAALgAxAC4ANAAtADEAQACpgHNRgoJfAHYAMAAuADEALgA0AC8A/FsRVG6PXwAwADEAXwB2ADAALgAxAC4ANAAtADcAQADCgTAAMQBfAHYAMAAuADEALgA0AAQAAAAQAAAAAQAAAAIAAACLAAAABgcAAA==</a:base64Binary><a:base64Binary>sDYAAAUAAAD//v8zwoEwADEAXwB2ADAALgAxAC4ANAAtADEAQACpgHNRgoJfAHYAMAAuADEALgA0AC8A/FsRVHSPV1lfADAANABfAHYAMAAuADEALgA0AC0ANQBAAMKBMAAxAF8AdgAwAC4AMQAuADQABAAAABAAAAABAAAAAgAAAIsAAABgBwAA</a:base64Binary><a:base64Binary>sDYAAAUAAAD//v85woEwADEAXwB2ADAALgAxAC4ANAAtADEAQACpgHNRgoJfAHYAMAAuADEALgA0AC8ARwBCAA//VAAyADcANgAtADkANADxbZ9sA3R0j39iNgAxADkAD/80AC0AOABAAMKBMAAxAF8AdgAwAC4AMQAuADQABAAAABAAAAABAAAAAgAAAIsAAAAeBwAA</a:base64Binary><a:base64Binary>sDYAAAUAAAD//v85woEwADEAXwB2ADAALgAxAC4ANAAtADEAQACpgHNRgoJfAHYAMAAuADEALgA0AC8ARwBCAA//VAAyADcANgAtADkANADxbZ9sA3R0j39iNgAxADkAD/80AC0ANwBAAMKBMAAxAF8AdgAwAC4AMQAuADQABAAAABAAAAABAAAAAgAAAIsAAAAHBwAA</a:base64Binary><a:base64Binary>sDYAAAUAAAD//v8zwoEwADEAXwB2ADAALgAxAC4ANAAtADEAQACpgHNRgoJfAHYAMAAuADEALgA0AC8AXJURVGyPpWO2ZzAANgBfAHYAMAAuADEALgA0AC0AMwBAAMKBMAAxAF8AdgAwAC4AMQAuADQABAAAABAAAAABAAAAAgAAAIsAAADxBgAA</a:base64Binary><a:base64Binary>sDYAAAUAAAD//v8hRwBCAA//VAAyADcANgAtADkANADxbZ9sA3R0j39iNgAxADkAD/80AC0AMQBAAKmAc1GCgl8AdgAwAC4AMQAuADQABAAAABAAAAABAAAAAQAAAJkAAAA=</a:base64Binary><a:base64Binary>sDYAAAUAAAD//v8YYVNjYjAAMQBfAHYAMAAuADEALgA0AC0AMgBAAKmAc1GCgl8AdgAwAC4AMQAuADQABAAAABAAAAABAAAAAQAAAGoAAAA=</a:base64Binary><a:base64Binary>sDYAAAUAAAD//v8YYVNjYjAAMQBfAHYAMAAuADEALgA0AC0AMQBAAKmAc1GCgl8AdgAwAC4AMQAuADQABAAAABAAAAABAAAAAQAAAGQAAAA=</a:base64Binary><a:base64Binary>sDYAAAUAAAD//v8a/FsRVG6PXwAwADEAXwB2ADAALgAxAC4ANAAtADEAQACpgHNRgoJfAHYAMAAuADEALgA0AAQAAAAQAAAAAQAAAAEAAACYAAAA</a:base64Binary><a:base64Binary>sDYAAAUAAAD//v8a/FsRVG6PXwAwADEAXwB2ADAALgAxAC4ANAAtADIAQACpgHNRgoJfAHYAMAAuADEALgA0AAQAAAAQAAAAAQAAAAEAAACuAAAA</a:base64Binary><a:base64Binary>sDYAAAUAAAD//v8b/FsRVHSPV1lfADAAMQBfAHYAMAAuADEALgA0AC0AMgBAAKmAc1GCgl8AdgAwAC4AMQAuADQABAAAABAAAAABAAAAAQAAAMgAAAA=</a:base64Binary><a:base64Binary>sDYAAAUAAAD//v8b/FsRVG6PdI9fADAAMQBfAHYAMAAuADEALgA0AC0AMQBAAKmAc1GCgl8AdgAwAC4AMQAuADQABAAAABAAAAABAAAAAQAAAJYAAAA=</a:base64Binary><a:base64Binary>sDYAAAUAAAD//v8b/FsRVHSPV1lfADAAMQBfAHYAMAAuADEALgA0AC0AMQBAAKmAc1GCgl8AdgAwAC4AMQAuADQABAAAABAAAAABAAAAAQAAAMUAAAA=</a:base64Binary><a:base64Binary>sDYAAAUAAAD//v8wwoEwADEAXwB2ADAALgAxAC4ANAAtADEAQACpgHNRgoJfAHYAMAAuADEALgA0AC8As3ihezAAMgBfAHYAMAAuADEALgA0AC0AMQBAAMKBMAAxAF8AdgAwAC4AMQAuADQABAAAABAAAAABAAAAAgAAAIsAAADLBAAA</a:base64Binary><a:base64Binary>sDYAAAUAAAD//v8xwoEwADEAXwB2ADAALgAxAC4ANAAtADEAQACpgHNRgoJfAHYAMAAuADEALgA0AC8AbI+lY7ZnMAA2AF8AdgAwAC4AMQAuADQALQAyAEAAwoEwADEAXwB2ADAALgAxAC4ANAAEAAAAEAAAAAEAAAACAAAAiwAAAO8GAAA=</a:base64Binary><a:base64Binary>sDYAAAUAAAD//v8wwoEwADEAXwB2ADAALgAxAC4ANAAtADEAQACpgHNRgoJfAHYAMAAuADEALgA0AC8AMwBEAC0ARQBBADIAOABTADAANgBDAC0AMgBAAMKBMAAxAF8AdgAwAC4AMQAuADQABAAAABAAAAABAAAAAgAAAIsAAACNBwAA</a:base64Binary><a:base64Binary>sDYAAAUAAAD//v81woEwADEAXwB2ADAALgAxAC4ANAAtADEAQACpgHNRgoJfAHYAMAAuADEALgA0AC8AMQAyADgAWgBaACgAOAAtADEAMgAtADMALgA1ACkARgAtADUAQADCgTAAMQBfAHYAMAAuADEALgA0AAQAAAAQAAAAAQAAAAIAAACLAAAASAcAAA==</a:base64Binary><a:base64Binary>sDYAAAUAAAD//v81woEwADEAXwB2ADAALgAxAC4ANAAtADEAQACpgHNRgoJfAHYAMAAuADEALgA0AC8AMQAyADgAWgBaACgAOAAtADEAMgAtADMALgA1ACkARgAtADQAQADCgTAAMQBfAHYAMAAuADEALgA0AAQAAAAQAAAAAQAAAAIAAACLAAAAMQcAAA==</a:base64Binary><a:base64Binary>sDYAAAUAAAD//v8vwoEwADEAXwB2ADAALgAxAC4ANAAtADEAQACpgHNRgoJfAHYAMAAuADEALgA0AC8AdI8wADkAXwB2ADAALgAxAC4ANAAtADEAQADCgTAAMQBfAHYAMAAuADEALgA0AAQAAAAQAAAAAQAAAAIAAACLAAAAAQcAAA==</a:base64Binary></SWComponentPIDs><SWMainComponentPID i:nil="true"/><Visual z:Ref="i150"/><isFixedFrame>false</isFixedFrame><isIncomplete>false</isIncomplete></Link></Children><Collision z:Ref="i96"/><Inertial z:Ref="i70"/><Joint z:Ref="i103"/><NameAttribute z:Ref="i69"/><Parent z:Ref="i1"/><STLQualityFine>false</STLQualityFine><SWComponentPIDs xmlns:a="http://schemas.microsoft.com/2003/10/Serialization/Arrays"><a:base64Binary>sDYAAAUAAAD//v8XdI8wADEAXwB2ADAALgAxAC4ANAAtADEAQACpgHNRgoJfAHYAMAAuADEALgA0AAQAAAAQAAAAAQAAAAEAAAAaAAAA</a:base64Binary><a:base64Binary>sDYAAAUAAAD//v8YNXU6Zy9ltmdfAHYAMAAuADEALgA0AC0AMQBAAKmAc1GCgl8AdgAwAC4AMQAuADQABAAAABAAAAABAAAAAQAAADsAAAA=</a:base64Binary><a:base64Binary>sDYAAAUAAAD//v8Y1X6/fm6PMABfAHYAMAAuADEALgA0AC0AMQBAAKmAc1GCgl8AdgAwAC4AMQAuADQABAAAABAAAAABAAAAAQAAAEgAAAA=</a:base64Binary><a:base64Binary>sDYAAAUAAAD//v8Y1X6/fm6PMABfAHYAMAAuADEALgA0AC0AMgBAAKmAc1GCgl8AdgAwAC4AMQAuADQABAAAABAAAAABAAAAAQAAAEoAAAA=</a:base64Binary><a:base64Binary>sDYAAAUAAAD//v8dNgA3ADAAMgAtAFoAWgAoADEANQAtADIAMQAtADQAKQAtADEAQACpgHNRgoJfAHYAMAAuADEALgA0AAQAAAAQAAAAAQAAAAEAAABNAAAA</a:base64Binary><a:base64Binary>sDYAAAUAAAD//v8dNgA3ADAAMgAtAFoAWgAoADEANQAtADIAMQAtADQAKQAtADIAQACpgHNRgoJfAHYAMAAuADEALgA0AAQAAAAQAAAAAQAAAAEAAABQAAAA</a:base64Binary><a:base64Binary>sDYAAAUAAAD//v8ZNXU6Z3SPMAAxAF8AdgAwAC4AMQAuADQALQAxAEAAqYBzUYKCXwB2ADAALgAxAC4ANAAEAAAAEAAAAAEAAAABAAAAWgAAAA==</a:base64Binary><a:base64Binary>sDYAAAUAAAD//v8ZNXU6Z3SPMAAxAF8AdgAwAC4AMQAuADQALQAyAEAAqYBzUYKCXwB2ADAALgAxAC4ANAAEAAAAEAAAAAEAAAABAAAAbAAAAA==</a:base64Binary><a:base64Binary>sDYAAAUAAAD//v8cSgBIADEANwAtADEAMAAxAHNRgoIhasR+XwAWWdFTLQAyAEAAqYBzUYKCXwB2ADAALgAxAC4ANAAEAAAAEAAAAAEAAAABAAAA0AMAAA==</a:base64Binary><a:base64Binary>sDYAAAUAAAD//v8cSgBIADEANwAtADEAMAAxAHNRgoIhasR+XwAWWdFTLQAxAEAAqYBzUYKCXwB2ADAALgAxAC4ANAAEAAAAEAAAAAEAAAABAAAAbwMAAA==</a:base64Binary><a:base64Binary>sDYAAAUAAAD//v8fNgA4ADEANgAtAFoAWgAoADgAMAAtADEAMAAwAC0AMQAwACkALQAyAEAAqYBzUYKCXwB2ADAALgAxAC4ANAAEAAAAEAAAAAEAAAABAAAA1AMAAA==</a:base64Binary><a:base64Binary>sDYAAAUAAAD//v8fNgA4ADEANgAtAFoAWgAoADgAMAAtADEAMAAwAC0AMQAwACkALQAxAEAAqYBzUYKCXwB2ADAALgAxAC4ANAAEAAAAEAAAAAEAAAABAAAAsgMAAA==</a:base64Binary></SWComponentPIDs><SWMainComponentPID i:nil="true"/><Visual z:Ref="i83"/><isFixedFrame>false</isFixedFrame><isIncomplete>false</isIncomplete></Link></Children><Collision z:Ref="i29"/><Inertial z:Ref="i3"/><Joint z:Ref="i36"/><NameAttribute z:Ref="i2"/><Parent i:nil="true"/><STLQualityFine>false</STLQualityFine><SWComponentPIDs xmlns:a="http://schemas.microsoft.com/2003/10/Serialization/Arrays"><a:base64Binary>sDYAAAUAAAD//v8ZNXU6Z7ZnMAAxAF8AdgAwAC4AMQAuADQALQAxAEAAqYBzUYKCXwB2ADAALgAxAC4ANAAEAAAAEAAAAAEAAAABAAAAGQAAAA==</a:base64Binary><a:base64Binary>sDYAAAUAAAD//v8eNXU6Z/pWmlvej6Vj9k5fADAAMQBfAHYAMAAuADEALgA0AC0AMgBAAKmAc1GCgl8AdgAwAC4AMQAuADQABAAAABAAAAABAAAAAQAAAAcBAAA=</a:base64Binary><a:base64Binary>sDYAAAUAAAD//v8cSgBIADEANAAtADEAMAAxAHNRgoIhasR+XwAWWdFTLQAzAEAAqYBzUYKCXwB2ADAALgAxAC4ANAAEAAAAEAAAAAEAAAABAAAA3QAAAA==</a:base64Binary></SWComponentPIDs><SWMainComponentPID i:nil="true"/><Visual z:Ref="i16"/><isFixedFrame>false</isFixedFrame><isIncomplete>false</isIncomplete></Link>
2026-04-02 21:45:00,354 INFO  AssemblyExportForm.cs: 309 - Saving URDF package to E:\project\250924_ARM\Simulation\urdf_output(0.1.4)002\urdf_0.1.4.2
2026-04-02 21:45:00,356 INFO  ExportHelper.cs: 147 - Beginning the export process
2026-04-02 21:45:00,358 INFO  ExportHelper.cs: 153 - Creating package directories with name urdf_0.1.4.2 and save path E:\project\250924_ARM\Simulation\urdf_output(0.1.4)002
2026-04-02 21:45:01,880 INFO  ExportHelper.cs: 162 - Creating CMakeLists.txt at E:\project\250924_ARM\Simulation\urdf_output(0.1.4)002\urdf_0.1.4.2\CMakeLists.txt
2026-04-02 21:45:01,881 INFO  ExportHelper.cs: 166 - Creating joint names config at E:\project\250924_ARM\Simulation\urdf_output(0.1.4)002\urdf_0.1.4.2\config\joint_names_urdf_0.1.4.2.yaml
2026-04-02 21:45:01,884 INFO  ExportHelper.cs: 170 - Creating package.xml at E:\project\250924_ARM\Simulation\urdf_output(0.1.4)002\urdf_0.1.4.2\package.xml
2026-04-02 21:45:01,885 INFO  PackageXMLWriter.cs: 21 - Creating package.xml at E:\project\250924_ARM\Simulation\urdf_output(0.1.4)002\urdf_0.1.4.2\package.xml
2026-04-02 21:45:01,894 INFO  ExportHelper.cs: 177 - Creating RVIZ launch file in E:\project\250924_ARM\Simulation\urdf_output(0.1.4)002\urdf_0.1.4.2\launch\
2026-04-02 21:45:01,898 INFO  ExportHelper.cs: 182 - Creating Gazebo launch file in E:\project\250924_ARM\Simulation\urdf_output(0.1.4)002\urdf_0.1.4.2\launch\
2026-04-02 21:45:01,901 INFO  ExportHelper.cs: 187 - Saving existing STL preferences
2026-04-02 21:45:01,902 INFO  ExportHelper.cs: 450 - Saving users preferences
2026-04-02 21:45:01,903 INFO  ExportHelper.cs: 190 - Modifying STL preferences
2026-04-02 21:45:01,904 INFO  ExportHelper.cs: 464 - Setting STL preferences
2026-04-02 21:45:01,912 INFO  ExportHelper.cs: 196 - Found 0 hidden components 
2026-04-02 21:45:01,913 INFO  ExportHelper.cs: 197 - Hiding all components
2026-04-02 21:45:02,810 INFO  ExportHelper.cs: 204 - Beginning individual files export
2026-04-02 21:45:02,815 INFO  ExportHelper.cs: 270 - Exporting link: base
2026-04-02 21:45:02,816 INFO  ExportHelper.cs: 272 - Link base has 1 children
2026-04-02 21:45:02,818 INFO  ExportHelper.cs: 270 - Exporting link: Link1
2026-04-02 21:45:02,818 INFO  ExportHelper.cs: 272 - Link Link1 has 1 children
2026-04-02 21:45:02,820 INFO  ExportHelper.cs: 270 - Exporting link: Link2
2026-04-02 21:45:02,821 INFO  ExportHelper.cs: 272 - Link Link2 has 1 children
2026-04-02 21:45:02,822 INFO  ExportHelper.cs: 270 - Exporting link: Link3
2026-04-02 21:45:02,823 INFO  ExportHelper.cs: 272 - Link Link3 has 0 children
2026-04-02 21:45:02,824 INFO  ExportHelper.cs: 317 - Link3: Exporting STL with coordinate frame ×ø±êÏµ3
2026-04-02 21:45:02,831 INFO  ExportHelper.cs: 322 - Link3: Reference geometry name 
2026-04-02 21:45:04,397 INFO  ExportHelper.cs: 330 - Saving STL to E:\project\250924_ARM\Simulation\urdf_output(0.1.4)002\urdf_0.1.4.2\meshes\Link3.STL
2026-04-02 21:45:05,536 INFO  ExportHelper.cs: 405 - Removing SW header in STL file
2026-04-02 21:45:05,537 INFO  ExportHelper.cs: 317 - Link2: Exporting STL with coordinate frame ×ø±êÏµ2
2026-04-02 21:45:05,538 INFO  ExportHelper.cs: 322 - Link2: Reference geometry name 
2026-04-02 21:45:06,644 INFO  ExportHelper.cs: 330 - Saving STL to E:\project\250924_ARM\Simulation\urdf_output(0.1.4)002\urdf_0.1.4.2\meshes\Link2.STL
2026-04-02 21:45:09,214 INFO  ExportHelper.cs: 405 - Removing SW header in STL file
2026-04-02 21:45:09,216 INFO  ExportHelper.cs: 317 - Link1: Exporting STL with coordinate frame ×ø±êÏµ1
2026-04-02 21:45:09,216 INFO  ExportHelper.cs: 322 - Link1: Reference geometry name 
2026-04-02 21:45:09,571 INFO  ExportHelper.cs: 330 - Saving STL to E:\project\250924_ARM\Simulation\urdf_output(0.1.4)002\urdf_0.1.4.2\meshes\Link1.STL
2026-04-02 21:45:12,206 INFO  ExportHelper.cs: 405 - Removing SW header in STL file
2026-04-02 21:45:12,207 INFO  ExportHelper.cs: 317 - base: Exporting STL with coordinate frame ×ø±êÏµ1
2026-04-02 21:45:12,208 INFO  ExportHelper.cs: 322 - base: Reference geometry name 
2026-04-02 21:45:12,314 INFO  ExportHelper.cs: 330 - Saving STL to E:\project\250924_ARM\Simulation\urdf_output(0.1.4)002\urdf_0.1.4.2\meshes\base.STL
2026-04-02 21:45:13,486 INFO  ExportHelper.cs: 405 - Removing SW header in STL file
2026-04-02 21:45:13,487 INFO  ExportHelper.cs: 145 - Showing all components except previously hidden components
2026-04-02 21:45:19,069 INFO  ExportHelper.cs: 145 - Resetting STL preferences
2026-04-02 21:45:19,071 INFO  ExportHelper.cs: 478 - Returning STL preferences to user preferences
2026-04-02 21:45:19,072 INFO  ExportHelper.cs: 228 - Writing URDF file to E:\project\250924_ARM\Simulation\urdf_output(0.1.4)002\urdf_0.1.4.2\urdf\urdf_0.1.4.2.urdf
2026-04-02 21:45:19,082 INFO  CSVImportExport.cs: 32 - Writing CSV file E:\project\250924_ARM\Simulation\urdf_output(0.1.4)002\urdf_0.1.4.2\urdf\urdf_0.1.4.2.csv
2026-04-02 21:45:19,112 ERROR CSVImportExport.cs: 130 - The following columns were not written to the CSV: Link.Joint.ChildLink.link,
2026-04-02 21:45:19,113 ERROR CSVImportExport.cs: 130 - The following columns were not written to the CSV: Link.Joint.ChildLink.link,
2026-04-02 21:45:19,114 ERROR CSVImportExport.cs: 130 - The following columns were not written to the CSV: Link.Joint.ChildLink.link,
2026-04-02 21:45:19,115 ERROR CSVImportExport.cs: 130 - The following columns were not written to the CSV: Link.Joint.ChildLink.link,
2026-04-02 21:45:19,116 INFO  ExportHelper.cs: 234 - Copying log file
2026-04-02 21:45:19,122 INFO  ExportHelper.cs: 439 - Copying C:\Users\Lenovo\sw2urdf_logs\sw2urdf.log to E:\project\250924_ARM\Simulation\urdf_output(0.1.4)002\urdf_0.1.4.2\export.log
